"surname","wikidata"
"Aaker","https://www.wikidata.org/entity/Q120268"
"Abakumov","https://www.wikidata.org/entity/Q21488047"
"Abashev","https://www.wikidata.org/entity/Q41691559"
"Abbaslı","https://www.wikidata.org/entity/Q21125518"
"Abbasov","https://www.wikidata.org/entity/Q21446883"
"Abdrakhmanov","https://www.wikidata.org/entity/Q125825426"
"Abdullayev","https://www.wikidata.org/entity/Q21445508"
"Abendroth","https://www.wikidata.org/entity/Q21502322"
"Abercromby","https://www.wikidata.org/entity/Q16157416"
"Abraham","https://www.wikidata.org/entity/Q13367920"
"Abramov","https://www.wikidata.org/entity/Q30148439"
"Abramova","https://www.wikidata.org/entity/Q108742925"
"Abramović","https://www.wikidata.org/entity/Q12748023"
"Abrams","https://www.wikidata.org/entity/Q7155884"
"Abzianidze","https://www.wikidata.org/entity/Q131324728"
"Accolti","https://www.wikidata.org/entity/Q30419176"
"Achard","https://www.wikidata.org/entity/Q19606259"
"Achaya","https://www.wikidata.org/entity/Q141462164"
"Acosta","https://www.wikidata.org/entity/Q16148765"
"Adams","https://www.wikidata.org/entity/Q351735"
"Addis","https://www.wikidata.org/entity/Q26986610"
"Addison","https://www.wikidata.org/entity/Q16001762"
"Adler","https://www.wikidata.org/entity/Q358090"
"Afanasyev","https://www.wikidata.org/entity/Q382071"
"Afanasyew","https://www.wikidata.org/entity/Q25167080"
"Afandiyev","https://www.wikidata.org/entity/Q21500891"
"Agarwal","https://www.wikidata.org/entity/Q36906535"
"Ağayev","https://www.wikidata.org/entity/Q392031"
"Ageyev","https://www.wikidata.org/entity/Q21488983"
"Aghazade","https://www.wikidata.org/entity/Q21125595"
"Ahlwardt","https://www.wikidata.org/entity/Q83338658"
"Ahmedov","https://www.wikidata.org/entity/Q108810931"
"Aigner","https://www.wikidata.org/entity/Q21507542"
"Akbarov","https://www.wikidata.org/entity/Q21452513"
"Akhanov","https://www.wikidata.org/entity/Q21125821"
"Akhmedov","https://www.wikidata.org/entity/Q4700772"
"Akhmetov","https://www.wikidata.org/entity/Q21447089"
"Akmanov","https://www.wikidata.org/entity/Q130259293"
"Aksakov","https://www.wikidata.org/entity/Q21507956"
"Aksyonov","https://www.wikidata.org/entity/Q21448930"
"Akulich","https://www.wikidata.org/entity/Q4060199"
"Al-Aini","https://www.wikidata.org/entity/Q108273556"
"Al-Andalusi","https://www.wikidata.org/entity/Q56537441"
"Al-Gezairy","https://www.wikidata.org/entity/Q98934121"
"Al-Tusi","https://www.wikidata.org/entity/Q21502209"
"Aladashvili","https://www.wikidata.org/entity/Q56537439"
"Albedil","https://www.wikidata.org/entity/Q122232803"
"Alberti","https://www.wikidata.org/entity/Q4747910"
"Alderson","https://www.wikidata.org/entity/Q20995585"
"Aleksinskiy","https://www.wikidata.org/entity/Q129913275"
"Alexander","https://www.wikidata.org/entity/Q1511218"
"Alexandrov","https://www.wikidata.org/entity/Q25273236"
"Alexeyev","https://www.wikidata.org/entity/Q21492686"
"Alexeyeva","https://www.wikidata.org/entity/Q41793692"
"Ali","https://www.wikidata.org/entity/Q648010"
"Alicante","https://www.wikidata.org/entity/Q37545614"
"Aliev","https://www.wikidata.org/entity/Q21494599"
"Alizadeh","https://www.wikidata.org/entity/Q21488899"
"Allen","https://www.wikidata.org/entity/Q2648323"
"Almazova","https://www.wikidata.org/entity/Q131738015"
"Alseth","https://www.wikidata.org/entity/Q32990023"
"Alt","https://www.wikidata.org/entity/Q16148040"
"Altaev","https://www.wikidata.org/entity/Q21125690"
"Alyoshin","https://www.wikidata.org/entity/Q9827756"
"Ambartsumian","https://www.wikidata.org/entity/Q456646"
"Ambartsumiani","https://www.wikidata.org/entity/Q134837583"
"Ambroz","https://www.wikidata.org/entity/Q37082983"
"Ameisen","https://www.wikidata.org/entity/Q74179300"
"Amico","https://www.wikidata.org/entity/Q36956813"
"Amirov","https://www.wikidata.org/entity/Q4746779"
"Ammosov","https://www.wikidata.org/entity/Q138143264"
"Amosov","https://www.wikidata.org/entity/Q43706837"
"Amuli","https://www.wikidata.org/entity/Q122233068"
"Anastas","https://www.wikidata.org/entity/Q21501888"
"Andersen","https://www.wikidata.org/entity/Q21501893"
"Andrews","https://www.wikidata.org/entity/Q2652654"
"Andreyev","https://www.wikidata.org/entity/Q30148945"
"Andronov","https://www.wikidata.org/entity/Q21507559"
"Anikst","https://www.wikidata.org/entity/Q4066263"
"Anisimov","https://www.wikidata.org/entity/Q48959653"
"Anjaparidze","https://www.wikidata.org/entity/Q21510633"
"Annenkov","https://www.wikidata.org/entity/Q21489059"
"Annus","https://www.wikidata.org/entity/Q28322426"
"Anokhin","https://www.wikidata.org/entity/Q21450488"
"Anosov","https://www.wikidata.org/entity/Q4066824"
"Ansari","https://www.wikidata.org/entity/Q37256156"
"Anshakov","https://www.wikidata.org/entity/Q21125742"
"Antonelli","https://www.wikidata.org/entity/Q21504574"
"Antonovich","https://www.wikidata.org/entity/Q18640108"
"Aoki","https://www.wikidata.org/entity/Q16479372"
"Arafa","https://www.wikidata.org/entity/Q36925398"
"Arai","https://www.wikidata.org/entity/Q24090452"
"Arbatov","https://www.wikidata.org/entity/Q56537527"
"Archer","https://www.wikidata.org/entity/Q16148136"
"Ardenne","https://www.wikidata.org/entity/Q105305470"
"Arendt","https://www.wikidata.org/entity/Q641974"
"Arens","https://www.wikidata.org/entity/Q47003595"
"Ariga","https://www.wikidata.org/entity/Q4790576"
"Aristov","https://www.wikidata.org/entity/Q21504872"
"Arkhangelsky","https://www.wikidata.org/entity/Q16479545"
"Arnold","https://www.wikidata.org/entity/Q694764"
"Arrak","https://www.wikidata.org/entity/Q12359654"
"Arredonda","https://www.wikidata.org/entity/Q53999262"
"Arshinov","https://www.wikidata.org/entity/Q111799151"
"Arslan","https://www.wikidata.org/entity/Q27231659"
"Artemyev","https://www.wikidata.org/entity/Q21504711"
"Artom","https://www.wikidata.org/entity/Q21492242"
"Artyomov","https://www.wikidata.org/entity/Q4070416"
"Asakura","https://www.wikidata.org/entity/Q26215314"
"Ash","https://www.wikidata.org/entity/Q16274951"
"Aslan","https://www.wikidata.org/entity/Q37532071"
"Aslanov","https://www.wikidata.org/entity/Q21451055"
"Astafyev","https://www.wikidata.org/entity/Q21509399"
"Astbury","https://www.wikidata.org/entity/Q21504861"
"Astrup","https://www.wikidata.org/entity/Q28845745"
"Atanacković","https://www.wikidata.org/entity/Q105161494"
"Atanasov","https://www.wikidata.org/entity/Q41697016"
"Atayev","https://www.wikidata.org/entity/Q109742608"
"Atlas","https://www.wikidata.org/entity/Q37017830"
"Aubrey","https://www.wikidata.org/entity/Q19672747"
"Audebert","https://www.wikidata.org/entity/Q56537560"
"Augsburg","https://www.wikidata.org/entity/Q50332861"
"August","https://www.wikidata.org/entity/Q12785249"
"Augustin","https://www.wikidata.org/entity/Q12785259"
"Autlev","https://www.wikidata.org/entity/Q16284607"
"Avdeyev","https://www.wikidata.org/entity/Q110969215"
"Avdonin","https://www.wikidata.org/entity/Q21501683"
"Averin","https://www.wikidata.org/entity/Q18109955"
"Avery","https://www.wikidata.org/entity/Q790638"
"Avetisyan","https://www.wikidata.org/entity/Q108745182"
"Avetisyan","https://www.wikidata.org/entity/Q21504758"
"Axelrod","https://www.wikidata.org/entity/Q23767433"
"Axundov","https://www.wikidata.org/entity/Q113081928"
"Aybay","https://www.wikidata.org/entity/Q98926221"
"Ayim","https://www.wikidata.org/entity/Q68099394"
"Azarov","https://www.wikidata.org/entity/Q721105"
"Bååth","https://www.wikidata.org/entity/Q34047659"
"Babaoğlan","https://www.wikidata.org/entity/Q73764560"
"Babayev","https://www.wikidata.org/entity/Q21452531"
"Baburin","https://www.wikidata.org/entity/Q21491400"
"Babushkin","https://www.wikidata.org/entity/Q21502149"
"Bac","https://www.wikidata.org/entity/Q37488555"
"Bach","https://www.wikidata.org/entity/Q1409748"
"Baciu","https://www.wikidata.org/entity/Q37434522"
"Bacon","https://www.wikidata.org/entity/Q6951606"
"Badiou","https://www.wikidata.org/entity/Q63976430"
"Baehr","https://www.wikidata.org/entity/Q799725"
"Baek","https://www.wikidata.org/entity/Q803693"
"Baer","https://www.wikidata.org/entity/Q29047296"
"Baerwald","https://www.wikidata.org/entity/Q21491406"
"Bahamolaw","https://www.wikidata.org/entity/Q108864864"
"Bahar","https://www.wikidata.org/entity/Q37541909"
"Bai","https://www.wikidata.org/entity/Q15711104"
"Bain","https://www.wikidata.org/entity/Q16479730"
"Baird","https://www.wikidata.org/entity/Q15635405"
"Baishev","https://www.wikidata.org/entity/Q21125851"
"Bajyšev","https://www.wikidata.org/entity/Q108822716"
"Baker","https://www.wikidata.org/entity/Q2658150"
"Bakhrushin","https://www.wikidata.org/entity/Q124840449"
"Balandin","https://www.wikidata.org/entity/Q345918"
"Balashenko","https://www.wikidata.org/entity/Q21125872"
"Balashov","https://www.wikidata.org/entity/Q804650"
"Baldwin","https://www.wikidata.org/entity/Q2658216"
"Baliga","https://www.wikidata.org/entity/Q37070655"
"Balmont","https://www.wikidata.org/entity/Q125419323"
"Bancroft","https://www.wikidata.org/entity/Q19921272"
"Bankwitz","https://www.wikidata.org/entity/Q130492252"
"Banner","https://www.wikidata.org/entity/Q16479802"
"Banz","https://www.wikidata.org/entity/Q37567645"
"Baramidze","https://www.wikidata.org/entity/Q56537621"
"Baranov","https://www.wikidata.org/entity/Q21491764"
"Baranovsky","https://www.wikidata.org/entity/Q108825233"
"Barbas","https://www.wikidata.org/entity/Q37433160"
"Barjona","https://www.wikidata.org/entity/Q61994148"
"Barkov","https://www.wikidata.org/entity/Q21496706"
"Barlösius","https://www.wikidata.org/entity/Q107388471"
"Barlow","https://www.wikidata.org/entity/Q16479457"
"Barmin","https://www.wikidata.org/entity/Q21493369"
"Barnaby","https://www.wikidata.org/entity/Q24251030"
"Barrett","https://www.wikidata.org/entity/Q431890"
"Barruel","https://www.wikidata.org/entity/Q45101832"
"Barsky","https://www.wikidata.org/entity/Q140210239"
"Bartley","https://www.wikidata.org/entity/Q26926430"
"Bartoszewicz","https://www.wikidata.org/entity/Q4865754"
"Batalov","https://www.wikidata.org/entity/Q56537657"
"Bates","https://www.wikidata.org/entity/Q16479442"
"Batisse","https://www.wikidata.org/entity/Q106549065"
"Batrakov","https://www.wikidata.org/entity/Q4079458"
"Battalova","https://www.wikidata.org/entity/Q24958133"
"Bauer","https://www.wikidata.org/entity/Q1965022"
"Baulieu","https://www.wikidata.org/entity/Q65097762"
"Bause","https://www.wikidata.org/entity/Q24953144"
"Bayev","https://www.wikidata.org/entity/Q4874487"
"Baykov","https://www.wikidata.org/entity/Q12785378"
"Baynard","https://www.wikidata.org/entity/Q4874642"
"Bažant","https://www.wikidata.org/entity/Q21493477"
"Bazarov","https://www.wikidata.org/entity/Q809785"
"Bazilevic","https://www.wikidata.org/entity/Q123747093"
"Beaudet","https://www.wikidata.org/entity/Q37313964"
"Beaven","https://www.wikidata.org/entity/Q37161341"
"Beck","https://www.wikidata.org/entity/Q2659856"
"Becker","https://www.wikidata.org/entity/Q813701"
"Beglov","https://www.wikidata.org/entity/Q21496720"
"Bekkering","https://www.wikidata.org/entity/Q37465012"
"Beklemishev","https://www.wikidata.org/entity/Q56537680"
"Belenky","https://www.wikidata.org/entity/Q108835858"
"Belkin","https://www.wikidata.org/entity/Q21508636"
"Bell","https://www.wikidata.org/entity/Q1444604"
"Belousov","https://www.wikidata.org/entity/Q20519615"
"Belrose","https://www.wikidata.org/entity/Q37532648"
"Belyakov","https://www.wikidata.org/entity/Q21489074"
"Belyankin","https://www.wikidata.org/entity/Q4083597"
"Belyayev","https://www.wikidata.org/entity/Q12785615"
"Benagiano","https://www.wikidata.org/entity/Q100519975"
"Benecke","https://www.wikidata.org/entity/Q26001783"
"Benevolenski","https://www.wikidata.org/entity/Q4083729"
"Benjamin","https://www.wikidata.org/entity/Q817365"
"Bensaude","https://www.wikidata.org/entity/Q96102483"
"Berezovsky","https://www.wikidata.org/entity/Q12785736"
"Berg","https://www.wikidata.org/entity/Q12785738"
"Bergamaschi","https://www.wikidata.org/entity/Q21508667"
"Berger","https://www.wikidata.org/entity/Q1260304"
"Beridze","https://www.wikidata.org/entity/Q16479908"
"Berisha","https://www.wikidata.org/entity/Q21493591"
"Berlin","https://www.wikidata.org/entity/Q2660845"
"Berna","https://www.wikidata.org/entity/Q37081391"
"Bernard","https://www.wikidata.org/entity/Q11134722"
"Berndt","https://www.wikidata.org/entity/Q27651630"
"Bernoulli","https://www.wikidata.org/entity/Q21506816"
"Bers","https://www.wikidata.org/entity/Q140092276"
"Bertarelli","https://www.wikidata.org/entity/Q56537720"
"Beryozkin","https://www.wikidata.org/entity/Q20519702"
"Bethe","https://www.wikidata.org/entity/Q37203820"
"Beutler","https://www.wikidata.org/entity/Q20671924"
"Bevilacqua","https://www.wikidata.org/entity/Q15058966"
"Bezborodov","https://www.wikidata.org/entity/Q138732551"
"Bezsonov","https://www.wikidata.org/entity/Q16536034"
"Bialiacki","https://www.wikidata.org/entity/Q56692074"
"Biehl","https://www.wikidata.org/entity/Q21492012"
"Bielawski","https://www.wikidata.org/entity/Q815648"
"Bingham","https://www.wikidata.org/entity/Q4086835"
"Birkin","https://www.wikidata.org/entity/Q21484674"
"Bishop","https://www.wikidata.org/entity/Q1158188"
"Bizot","https://www.wikidata.org/entity/Q56537751"
"Bjerknes","https://www.wikidata.org/entity/Q27888855"
"Bjørklund","https://www.wikidata.org/entity/Q27892723"
"Bjørnflaten","https://www.wikidata.org/entity/Q30132400"
"Black","https://www.wikidata.org/entity/Q2662465"
"Blagova","https://www.wikidata.org/entity/Q106299213"
"Blasius","https://www.wikidata.org/entity/Q21453702"
"Blum","https://www.wikidata.org/entity/Q886147"
"Bobrov","https://www.wikidata.org/entity/Q16860152"
"Bobrovsky","https://www.wikidata.org/entity/Q15789115"
"Boc","https://www.wikidata.org/entity/Q12786021"
"Bogdan","https://www.wikidata.org/entity/Q4089180"
"Bogdanov","https://www.wikidata.org/entity/Q21482507"
"Bogomolov","https://www.wikidata.org/entity/Q890642"
"Bogoslovsky","https://www.wikidata.org/entity/Q109743557"
"Boguslavsky","https://www.wikidata.org/entity/Q92057739"
"Böhm","https://www.wikidata.org/entity/Q21492775"
"Böhme","https://www.wikidata.org/entity/Q1019694"
"Bohndorff","https://www.wikidata.org/entity/Q26001421"
"Bohnenberger","https://www.wikidata.org/entity/Q37559819"
"Boiko","https://www.wikidata.org/entity/Q4090370"
"Bokshteyn","https://www.wikidata.org/entity/Q135455741"
"Boldyrev","https://www.wikidata.org/entity/Q21491540"
"Bolle","https://www.wikidata.org/entity/Q21487768"
"Bolshakov","https://www.wikidata.org/entity/Q21482621"
"Bondar","https://www.wikidata.org/entity/Q136236066"
"Bondarenko","https://www.wikidata.org/entity/Q31033336"
"Boniecki","https://www.wikidata.org/entity/Q27941806"
"Booth","https://www.wikidata.org/entity/Q13156704"
"Borck","https://www.wikidata.org/entity/Q23640296"
"Borisoglebsky","https://www.wikidata.org/entity/Q4094030"
"Borisov","https://www.wikidata.org/entity/Q24877583"
"Borisova","https://www.wikidata.org/entity/Q81197056"
"Borkowski","https://www.wikidata.org/entity/Q453452"
"Born","https://www.wikidata.org/entity/Q893914"
"Borodin","https://www.wikidata.org/entity/Q387640"
"Borovikov","https://www.wikidata.org/entity/Q27209746"
"Bortnik","https://www.wikidata.org/entity/Q4094756"
"Boryś","https://www.wikidata.org/entity/Q118063771"
"Borysyuk","https://www.wikidata.org/entity/Q21488330"
"Bosc","https://www.wikidata.org/entity/Q42749153"
"Bosch","https://www.wikidata.org/entity/Q15789461"
"Bose","https://www.wikidata.org/entity/Q21500582"
"Bosler","https://www.wikidata.org/entity/Q37520502"
"Bosse","https://www.wikidata.org/entity/Q37500632"
"Botev","https://www.wikidata.org/entity/Q136704079"
"Botvinnik","https://www.wikidata.org/entity/Q28752993"
"Bourgoin","https://www.wikidata.org/entity/Q28026438"
"Bowers","https://www.wikidata.org/entity/Q18549"
"Boyle","https://www.wikidata.org/entity/Q15789581"
"Boytsov","https://www.wikidata.org/entity/Q42495484"
"Bozhkov","https://www.wikidata.org/entity/Q21482677"
"Bradshaw","https://www.wikidata.org/entity/Q16860329"
"Brake","https://www.wikidata.org/entity/Q16860341"
"Brandis","https://www.wikidata.org/entity/Q21450918"
"Brasseur","https://www.wikidata.org/entity/Q21492332"
"Brauchler","https://www.wikidata.org/entity/Q36912401"
"Braun","https://www.wikidata.org/entity/Q354330"
"Brecht","https://www.wikidata.org/entity/Q16274757"
"Bremer","https://www.wikidata.org/entity/Q16860394"
"Bretonneau","https://www.wikidata.org/entity/Q76847990"
"Bretscher","https://www.wikidata.org/entity/Q36892612"
"Breuer","https://www.wikidata.org/entity/Q21509084"
"Brockmann","https://www.wikidata.org/entity/Q21507144"
"Brodsky","https://www.wikidata.org/entity/Q21484906"
"Brooks","https://www.wikidata.org/entity/Q1354011"
"Brown","https://www.wikidata.org/entity/Q13421990"
"Bruk","https://www.wikidata.org/entity/Q11059779"
"Bruqi","https://www.wikidata.org/entity/Q122216233"
"Bryan","https://www.wikidata.org/entity/Q14626282"
"Bryantsev","https://www.wikidata.org/entity/Q4097560"
"Bryzgalov","https://www.wikidata.org/entity/Q56537875"
"Brzeski","https://www.wikidata.org/entity/Q27941861"
"Bucaille","https://www.wikidata.org/entity/Q65098943"
"Bucchi","https://www.wikidata.org/entity/Q47543218"
"Buchholtz","https://www.wikidata.org/entity/Q37458576"
"Buczyński","https://www.wikidata.org/entity/Q27883453"
"Budak","https://www.wikidata.org/entity/Q16828431"
"Budnyk","https://www.wikidata.org/entity/Q94517463"
"Bugaev","https://www.wikidata.org/entity/Q21450592"
"Bugnyar","https://www.wikidata.org/entity/Q138817859"
"Bugrov","https://www.wikidata.org/entity/Q20520163"
"Bukharin","https://www.wikidata.org/entity/Q4100469"
"Bulatov","https://www.wikidata.org/entity/Q21492753"
"Bulgakov","https://www.wikidata.org/entity/Q21507046"
"Bunge","https://www.wikidata.org/entity/Q16865161"
"Bunin","https://www.wikidata.org/entity/Q56312489"
"Burakowski","https://www.wikidata.org/entity/Q27890809"
"Bürger","https://www.wikidata.org/entity/Q19836122"
"Burkart","https://www.wikidata.org/entity/Q37442761"
"Burkhanov","https://www.wikidata.org/entity/Q21452557"
"Burlakova","https://www.wikidata.org/entity/Q136289994"
"Burmistrov","https://www.wikidata.org/entity/Q4099760"
"Burzyński","https://www.wikidata.org/entity/Q56441892"
"Bushnell","https://www.wikidata.org/entity/Q21571367"
"Bushuyev","https://www.wikidata.org/entity/Q1017423"
"Bustamante","https://www.wikidata.org/entity/Q19926428"
"Butakov","https://www.wikidata.org/entity/Q1017843"
"Butylkin","https://www.wikidata.org/entity/Q97659509"
"Buys Ballot","https://www.wikidata.org/entity/Q113776219"
"Buzek","https://www.wikidata.org/entity/Q56245592"
"Buzzi","https://www.wikidata.org/entity/Q47544513"
"Bychkov","https://www.wikidata.org/entity/Q41792190"
"Bykonya","https://www.wikidata.org/entity/Q4101036"
"Bykov","https://www.wikidata.org/entity/Q21504886"
"Bykova","https://www.wikidata.org/entity/Q5004108"
"Bylinski","https://www.wikidata.org/entity/Q122452446"
"Bystrov","https://www.wikidata.org/entity/Q21507832"
"Byushgens","https://www.wikidata.org/entity/Q4101528"
"Cabot","https://www.wikidata.org/entity/Q21487789"
"Cade","https://www.wikidata.org/entity/Q21430784"
"Cahill","https://www.wikidata.org/entity/Q21448974"
"Calabria","https://www.wikidata.org/entity/Q2933437"
"Caldani","https://www.wikidata.org/entity/Q61987554"
"Callaghan","https://www.wikidata.org/entity/Q27252577"
"Caméen","https://www.wikidata.org/entity/Q58842077"
"Camenzind","https://www.wikidata.org/entity/Q37484624"
"Cameron","https://www.wikidata.org/entity/Q2665316"
"Campbell","https://www.wikidata.org/entity/Q2665383"
"Capelli","https://www.wikidata.org/entity/Q30525782"
"Capone","https://www.wikidata.org/entity/Q25114553"
"Carafa","https://www.wikidata.org/entity/Q21502021"
"Carlyle","https://www.wikidata.org/entity/Q18016456"
"Carmeli","https://www.wikidata.org/entity/Q116263819"
"Carney","https://www.wikidata.org/entity/Q16865388"
"Carnot","https://www.wikidata.org/entity/Q21430292"
"Carr","https://www.wikidata.org/entity/Q14915269"
"Carré","https://www.wikidata.org/entity/Q16865396"
"Carrière","https://www.wikidata.org/entity/Q21482747"
"Carrington","https://www.wikidata.org/entity/Q16275175"
"Carrión","https://www.wikidata.org/entity/Q5046483"
"Carson","https://www.wikidata.org/entity/Q15079696"
"Cart","https://www.wikidata.org/entity/Q37459558"
"Carvalho","https://www.wikidata.org/entity/Q23774785"
"Casanova","https://www.wikidata.org/entity/Q16865414"
"Casorati","https://www.wikidata.org/entity/Q1047769"
"Castel","https://www.wikidata.org/entity/Q16865431"
"Chacour","https://www.wikidata.org/entity/Q122535762"
"Challenger","https://www.wikidata.org/entity/Q37519481"
"Chalmers","https://www.wikidata.org/entity/Q21484749"
"Chalov","https://www.wikidata.org/entity/Q106417571"
"Chanler","https://www.wikidata.org/entity/Q37513446"
"Chaplin","https://www.wikidata.org/entity/Q5073230"
"Chaplygin","https://www.wikidata.org/entity/Q100964911"
"Chapman","https://www.wikidata.org/entity/Q1158558"
"Chatsjatoerjan","https://www.wikidata.org/entity/Q21507407"
"Chatterjee","https://www.wikidata.org/entity/Q5087932"
"Chauchard","https://www.wikidata.org/entity/Q104870895"
"Chausson","https://www.wikidata.org/entity/Q16865508"
"Chavkin","https://www.wikidata.org/entity/Q37500272"
"Chebotaryov","https://www.wikidata.org/entity/Q21493235"
"Cheeger","https://www.wikidata.org/entity/Q47267499"
"Cheltsov","https://www.wikidata.org/entity/Q131927941"
"Chen","https://www.wikidata.org/entity/Q804988"
"Cherenkov","https://www.wikidata.org/entity/Q21493236"
"Cherepanov","https://www.wikidata.org/entity/Q12806937"
"Chernenko","https://www.wikidata.org/entity/Q21450168"
"Cherniavsky","https://www.wikidata.org/entity/Q134422887"
"Cherniavskyi","https://www.wikidata.org/entity/Q82716705"
"Chernov","https://www.wikidata.org/entity/Q12806950"
"Chernyshev","https://www.wikidata.org/entity/Q21491378"
"Chervenkov","https://www.wikidata.org/entity/Q137268871"
"Chesalov","https://www.wikidata.org/entity/Q106159434"
"Chesner","https://www.wikidata.org/entity/Q37560268"
"Chicherin","https://www.wikidata.org/entity/Q50347102"
"Chignell","https://www.wikidata.org/entity/Q124031615"
"Chistozvonov","https://www.wikidata.org/entity/Q24956891"
"Choi","https://www.wikidata.org/entity/Q16056287"
"Choi","https://www.wikidata.org/entity/Q37449282"
"Choudhary","https://www.wikidata.org/entity/Q37507288"
"Chrétien","https://www.wikidata.org/entity/Q23777361"
"Christlein","https://www.wikidata.org/entity/Q83344738"
"Chubarov","https://www.wikidata.org/entity/Q56538013"
"Chuchalin","https://www.wikidata.org/entity/Q124471500"
"Chudakov","https://www.wikidata.org/entity/Q50361251"
"Church","https://www.wikidata.org/entity/Q16865586"
"Chýlek","https://www.wikidata.org/entity/Q11730775"
"Cicali","https://www.wikidata.org/entity/Q100273676"
"Cichanowski","https://www.wikidata.org/entity/Q98398492"
"Cicogna","https://www.wikidata.org/entity/Q37558581"
"Ciołkowski","https://www.wikidata.org/entity/Q28342750"
"Clancy","https://www.wikidata.org/entity/Q21492113"
"Clark","https://www.wikidata.org/entity/Q1119151"
"Clement","https://www.wikidata.org/entity/Q18415570"
"Clerk Maxwell","https://www.wikidata.org/entity/Q94977286"
"Cleve","https://www.wikidata.org/entity/Q16865628"
"Close","https://www.wikidata.org/entity/Q14915271"
"Coburn","https://www.wikidata.org/entity/Q16865657"
"Codazzi","https://www.wikidata.org/entity/Q21496373"
"Cohen","https://www.wikidata.org/entity/Q1158586"
"Cohn","https://www.wikidata.org/entity/Q21065973"
"Coignet","https://www.wikidata.org/entity/Q539788"
"Colella","https://www.wikidata.org/entity/Q34560351"
"Coleman","https://www.wikidata.org/entity/Q1002298"
"Comfort","https://www.wikidata.org/entity/Q37496336"
"Cominale","https://www.wikidata.org/entity/Q100273721"
"Cone","https://www.wikidata.org/entity/Q37299485"
"Conestabile della Staffa","https://www.wikidata.org/entity/Q137434815"
"Conrad","https://www.wikidata.org/entity/Q12652033"
"Constant de Rebecque","https://www.wikidata.org/entity/Q115326455"
"Constantinescu","https://www.wikidata.org/entity/Q21492963"
"Cooper","https://www.wikidata.org/entity/Q1794217"
"Corell","https://www.wikidata.org/entity/Q21507575"
"Corneille","https://www.wikidata.org/entity/Q37209438"
"Cornelius","https://www.wikidata.org/entity/Q18536476"
"Cortese","https://www.wikidata.org/entity/Q47524279"
"Costa","https://www.wikidata.org/entity/Q2671589"
"Cotton","https://www.wikidata.org/entity/Q19607236"
"Coué","https://www.wikidata.org/entity/Q57818814"
"Coutinho","https://www.wikidata.org/entity/Q21507583"
"Covert","https://www.wikidata.org/entity/Q16865816"
"Cramer","https://www.wikidata.org/entity/Q21493272"
"Crawford","https://www.wikidata.org/entity/Q20731004"
"Croll","https://www.wikidata.org/entity/Q56244721"
"Cronstedt","https://www.wikidata.org/entity/Q21483057"
"Crook","https://www.wikidata.org/entity/Q16865888"
"Croquette","https://www.wikidata.org/entity/Q105496572"
"Cullimore","https://www.wikidata.org/entity/Q5193028"
"Cummins","https://www.wikidata.org/entity/Q16865944"
"Cumo","https://www.wikidata.org/entity/Q99907520"
"Cunningham","https://www.wikidata.org/entity/Q7849873"
"Curman","https://www.wikidata.org/entity/Q41831897"
"Cutler","https://www.wikidata.org/entity/Q16865964"
"Czerniak","https://www.wikidata.org/entity/Q4514470"
"d'Antic","https://www.wikidata.org/entity/Q106366240"
"D'Arcais","https://www.wikidata.org/entity/Q123644480"
"d'Arclais","https://www.wikidata.org/entity/Q104592311"
"D'Arnaud","https://www.wikidata.org/entity/Q19685774"
"d'Auvergne","https://www.wikidata.org/entity/Q93972551"
"d'Ors","https://www.wikidata.org/entity/Q97123130"
"D'Ovidio","https://www.wikidata.org/entity/Q99907730"
"da Vinci","https://www.wikidata.org/entity/Q106449498"
"Dąbrowski","https://www.wikidata.org/entity/Q15282026"
"Dalrymple","https://www.wikidata.org/entity/Q27037180"
"Danilova","https://www.wikidata.org/entity/Q12787311"
"Dati","https://www.wikidata.org/entity/Q109674791"
"Davidovich","https://www.wikidata.org/entity/Q23296765"
"Davidson","https://www.wikidata.org/entity/Q13479473"
"Davidson","https://www.wikidata.org/entity/Q61431177"
"Davies","https://www.wikidata.org/entity/Q1177810"
"Davis","https://www.wikidata.org/entity/Q12386976"
"Davydov","https://www.wikidata.org/entity/Q18180830"
"Dayan","https://www.wikidata.org/entity/Q21484561"
"de Abreu","https://www.wikidata.org/entity/Q73139693"
"de Bakker","https://www.wikidata.org/entity/Q83345762"
"De Boever","https://www.wikidata.org/entity/Q27036826"
"de Boisbaudran","https://www.wikidata.org/entity/Q105498381"
"de Bourgueville","https://www.wikidata.org/entity/Q104828166"
"de Champlain","https://www.wikidata.org/entity/Q63430878"
"De Giorgi","https://www.wikidata.org/entity/Q99907911"
"de Jaucourt","https://www.wikidata.org/entity/Q115765713"
"de la Crenne","https://www.wikidata.org/entity/Q104825336"
"de Lannoy","https://www.wikidata.org/entity/Q104537837"
"de Laval","https://www.wikidata.org/entity/Q47462010"
"De Lucretiis","https://www.wikidata.org/entity/Q99981107"
"de Maillard","https://www.wikidata.org/entity/Q105201599"
"de Montamy","https://www.wikidata.org/entity/Q104594276"
"de Saintignon","https://www.wikidata.org/entity/Q104592032"
"de Sousa","https://www.wikidata.org/entity/Q55739047"
"de Verdun","https://www.wikidata.org/entity/Q104592179"
"de Virion","https://www.wikidata.org/entity/Q127162999"
"De Vries","https://www.wikidata.org/entity/Q1180481"
"de Wit","https://www.wikidata.org/entity/Q66690337"
"Debenham","https://www.wikidata.org/entity/Q21493330"
"Debije","https://www.wikidata.org/entity/Q63078285"
"Deckert","https://www.wikidata.org/entity/Q21508039"
"Dee","https://www.wikidata.org/entity/Q37480086"
"del Rosario","https://www.wikidata.org/entity/Q20722836"
"Delaney","https://www.wikidata.org/entity/Q16869493"
"Delisle","https://www.wikidata.org/entity/Q20996072"
"Delong","https://www.wikidata.org/entity/Q1179554"
"Demartres","https://www.wikidata.org/entity/Q104828131"
"Demay","https://www.wikidata.org/entity/Q3022051"
"Demchenko","https://www.wikidata.org/entity/Q40213701"
"Dementyev","https://www.wikidata.org/entity/Q21448536"
"Demirchyan","https://www.wikidata.org/entity/Q21494436"
"Denel","https://www.wikidata.org/entity/Q121370901"
"Deng","https://www.wikidata.org/entity/Q2578531"
"Denisov","https://www.wikidata.org/entity/Q21509116"
"Denton","https://www.wikidata.org/entity/Q16869520"
"Derham","https://www.wikidata.org/entity/Q21491689"
"Desouza","https://www.wikidata.org/entity/Q36857297"
"Deutsch","https://www.wikidata.org/entity/Q2675368"
"Dewey","https://www.wikidata.org/entity/Q16869543"
"Deyeux","https://www.wikidata.org/entity/Q101038679"
"Di Capua","https://www.wikidata.org/entity/Q99908319"
"Di Paolo","https://www.wikidata.org/entity/Q99908421"
"Diamond","https://www.wikidata.org/entity/Q12431683"
"Dias","https://www.wikidata.org/entity/Q4161084"
"Diederichsen","https://www.wikidata.org/entity/Q83346132"
"Dimmeler","https://www.wikidata.org/entity/Q76422123"
"Ding","https://www.wikidata.org/entity/Q1410170"
"Dixon","https://www.wikidata.org/entity/Q1231746"
"Dizon","https://www.wikidata.org/entity/Q21509963"
"Djerassi","https://www.wikidata.org/entity/Q94704967"
"Dmitriyev","https://www.wikidata.org/entity/Q21487151"
"Dobkin","https://www.wikidata.org/entity/Q21502078"
"Dobrovolsky","https://www.wikidata.org/entity/Q47796769"
"Dodds","https://www.wikidata.org/entity/Q16869602"
"Dodi","https://www.wikidata.org/entity/Q99641167"
"Dodig","https://www.wikidata.org/entity/Q37014903"
"Doi","https://www.wikidata.org/entity/Q26437060"
"Dolgin","https://www.wikidata.org/entity/Q37554812"
"Dolidze","https://www.wikidata.org/entity/Q47516287"
"Domagk","https://www.wikidata.org/entity/Q131931014"
"Dombrin","https://www.wikidata.org/entity/Q119824152"
"Donald","https://www.wikidata.org/entity/Q16869621"
"Donner","https://www.wikidata.org/entity/Q16869625"
"Donovan","https://www.wikidata.org/entity/Q21446653"
"Doofenshmirtz","https://www.wikidata.org/entity/Q91894617"
"Dorfman","https://www.wikidata.org/entity/Q21491308"
"Dorofeyev","https://www.wikidata.org/entity/Q5298159"
"Dragićević","https://www.wikidata.org/entity/Q21491331"
"Drechsler","https://www.wikidata.org/entity/Q16101734"
"Dreger","https://www.wikidata.org/entity/Q25302525"
"Dronkers","https://www.wikidata.org/entity/Q50314305"
"Drzewiecki","https://www.wikidata.org/entity/Q48696565"
"Duderstadt","https://www.wikidata.org/entity/Q37290638"
"Due","https://www.wikidata.org/entity/Q30872569"
"Dufresne","https://www.wikidata.org/entity/Q21487882"
"Dui","https://www.wikidata.org/entity/Q110834963"
"Dulov","https://www.wikidata.org/entity/Q4170472"
"Dumont","https://www.wikidata.org/entity/Q12788011"
"Dunayev","https://www.wikidata.org/entity/Q21492525"
"Duncan","https://www.wikidata.org/entity/Q1158195"
"Dunn","https://www.wikidata.org/entity/Q12788015"
"Duquet","https://www.wikidata.org/entity/Q37272555"
"Durbin","https://www.wikidata.org/entity/Q16275596"
"Dyachenko","https://www.wikidata.org/entity/Q21449675"
"Dyakonov","https://www.wikidata.org/entity/Q19902228"
"Dyakov","https://www.wikidata.org/entity/Q16647241"
"Dyck","https://www.wikidata.org/entity/Q56538272"
"Easton","https://www.wikidata.org/entity/Q16869755"
"Eberth","https://www.wikidata.org/entity/Q36909080"
"Ebstein","https://www.wikidata.org/entity/Q37527845"
"Efimov","https://www.wikidata.org/entity/Q21451040"
"Efremov","https://www.wikidata.org/entity/Q21491863"
"Eger","https://www.wikidata.org/entity/Q30136229"
"Ehrenberg","https://www.wikidata.org/entity/Q16869783"
"Eibenschütz","https://www.wikidata.org/entity/Q21493349"
"Eibl-Eibesfeldt","https://www.wikidata.org/entity/Q139741946"
"Eijkman","https://www.wikidata.org/entity/Q63078290"
"Einhorn","https://www.wikidata.org/entity/Q21431220"
"Einsiedler","https://www.wikidata.org/entity/Q106068854"
"Einstein","https://www.wikidata.org/entity/Q16834800"
"Eisenstein","https://www.wikidata.org/entity/Q16834815"
"Eisler","https://www.wikidata.org/entity/Q21451034"
"Elam","https://www.wikidata.org/entity/Q16869798"
"Elders","https://www.wikidata.org/entity/Q37196573"
"Eliseev","https://www.wikidata.org/entity/Q20519072"
"Ellenberg","https://www.wikidata.org/entity/Q36882418"
"Elling","https://www.wikidata.org/entity/Q11212869"
"Elliot","https://www.wikidata.org/entity/Q29179325"
"Elliott","https://www.wikidata.org/entity/Q21449521"
"Elton","https://www.wikidata.org/entity/Q30524248"
"Emons","https://www.wikidata.org/entity/Q37176586"
"Engelbrecht","https://www.wikidata.org/entity/Q21452041"
"Engelman","https://www.wikidata.org/entity/Q5377551"
"Enríquez","https://www.wikidata.org/entity/Q16796605"
"Epstein","https://www.wikidata.org/entity/Q18620837"
"Erdmann","https://www.wikidata.org/entity/Q28913613"
"Ernst","https://www.wikidata.org/entity/Q1357257"
"Escher","https://www.wikidata.org/entity/Q21491262"
"Escher von der Linth","https://www.wikidata.org/entity/Q76921073"
"Eshed","https://www.wikidata.org/entity/Q118382990"
"Estep","https://www.wikidata.org/entity/Q21513489"
"Estrada","https://www.wikidata.org/entity/Q21491267"
"Euler","https://www.wikidata.org/entity/Q15844600"
"Evans","https://www.wikidata.org/entity/Q1260663"
"Everitt","https://www.wikidata.org/entity/Q13607400"
"Ewald","https://www.wikidata.org/entity/Q18343062"
"Ewing","https://www.wikidata.org/entity/Q16869871"
"Eysenck","https://www.wikidata.org/entity/Q977887"
"Əliyev","https://www.wikidata.org/entity/Q394612"
"Faà di Bruno","https://www.wikidata.org/entity/Q113352981"
"Faber","https://www.wikidata.org/entity/Q1390156"
"Faggot","https://www.wikidata.org/entity/Q50995392"
"Fainshmidt","https://www.wikidata.org/entity/Q141319404"
"Fairchild","https://www.wikidata.org/entity/Q16869882"
"Fairfax","https://www.wikidata.org/entity/Q16275786"
"Fakhurtdinov","https://www.wikidata.org/entity/Q60824278"
"Fan","https://www.wikidata.org/entity/Q11134579"
"Farber","https://www.wikidata.org/entity/Q21491976"
"Faria","https://www.wikidata.org/entity/Q1396644"
"Farrell","https://www.wikidata.org/entity/Q13560386"
"Fassi-Fehri","https://www.wikidata.org/entity/Q99981255"
"Faulds","https://www.wikidata.org/entity/Q36944138"
"Faulkner","https://www.wikidata.org/entity/Q16390434"
"Favier","https://www.wikidata.org/entity/Q21487497"
"Fedchenko","https://www.wikidata.org/entity/Q124348358"
"Fedorov","https://www.wikidata.org/entity/Q37535776"
"Fedorovsky","https://www.wikidata.org/entity/Q12788921"
"Fedoseev","https://www.wikidata.org/entity/Q21488942"
"Fedotov","https://www.wikidata.org/entity/Q20519173"
"Feest","https://www.wikidata.org/entity/Q37559593"
"Fehr","https://www.wikidata.org/entity/Q17452731"
"Feil","https://www.wikidata.org/entity/Q33126315"
"Fellman","https://www.wikidata.org/entity/Q28146282"
"Fengler","https://www.wikidata.org/entity/Q36999293"
"Feoktistov","https://www.wikidata.org/entity/Q4482841"
"Ferk","https://www.wikidata.org/entity/Q1406346"
"Fernandez","https://www.wikidata.org/entity/Q28912637"
"Ferrari","https://www.wikidata.org/entity/Q1407594"
"Figueroa-Viñas","https://www.wikidata.org/entity/Q101015576"
"Filatov","https://www.wikidata.org/entity/Q48882248"
"Filimonov","https://www.wikidata.org/entity/Q5448447"
"Filippov","https://www.wikidata.org/entity/Q21488860"
"Finn","https://www.wikidata.org/entity/Q16869946"
"Finsen","https://www.wikidata.org/entity/Q46268250"
"Fiolhais","https://www.wikidata.org/entity/Q101039091"
"Firsov","https://www.wikidata.org/entity/Q21487202"
"Firstenberg","https://www.wikidata.org/entity/Q37282231"
"Fischer","https://www.wikidata.org/entity/Q11231408"
"Fischler","https://www.wikidata.org/entity/Q1420333"
"Fisher","https://www.wikidata.org/entity/Q1158882"
"Fishman","https://www.wikidata.org/entity/Q16837002"
"Fiske","https://www.wikidata.org/entity/Q21510555"
"Fındıkoğlu","https://www.wikidata.org/entity/Q96356091"
"Flawn","https://www.wikidata.org/entity/Q25114311"
"Flax","https://www.wikidata.org/entity/Q36957731"
"Fleck","https://www.wikidata.org/entity/Q21491619"
"Fless","https://www.wikidata.org/entity/Q132148936"
"Flexner","https://www.wikidata.org/entity/Q29818478"
"Floreano","https://www.wikidata.org/entity/Q99908839"
"Flores","https://www.wikidata.org/entity/Q1397072"
"Fogel","https://www.wikidata.org/entity/Q28753034"
"Fogelson","https://www.wikidata.org/entity/Q136525853"
"Foing","https://www.wikidata.org/entity/Q98890503"
"Folk","https://www.wikidata.org/entity/Q37140995"
"Fomin","https://www.wikidata.org/entity/Q21452349"
"Fonseca","https://www.wikidata.org/entity/Q19891513"
"Font","https://www.wikidata.org/entity/Q37033627"
"Formozov","https://www.wikidata.org/entity/Q21512026"
"Fournier","https://www.wikidata.org/entity/Q21494576"
"Frank","https://www.wikidata.org/entity/Q13560458"
"Franke","https://www.wikidata.org/entity/Q1444548"
"Frankel","https://www.wikidata.org/entity/Q21492940"
"Frankenstein","https://www.wikidata.org/entity/Q37235204"
"Franklin","https://www.wikidata.org/entity/Q2696075"
"Freidlin","https://www.wikidata.org/entity/Q138762861"
"Fréjacques","https://www.wikidata.org/entity/Q105717249"
"Fresenius","https://www.wikidata.org/entity/Q29841530"
"Freund","https://www.wikidata.org/entity/Q1405949"
"Friedman","https://www.wikidata.org/entity/Q1451887"
"Fries","https://www.wikidata.org/entity/Q15232951"
"Frink","https://www.wikidata.org/entity/Q37504190"
"Frize","https://www.wikidata.org/entity/Q61729478"
"Frolov","https://www.wikidata.org/entity/Q21491437"
"Frost","https://www.wikidata.org/entity/Q1470501"
"Frye","https://www.wikidata.org/entity/Q21504578"
"Fuchs","https://www.wikidata.org/entity/Q1245268"
"Fuller","https://www.wikidata.org/entity/Q1158382"
"Füllsack","https://www.wikidata.org/entity/Q130381582"
"Fulton","https://www.wikidata.org/entity/Q16870052"
"Fürst","https://www.wikidata.org/entity/Q21492756"
"Fyodorov","https://www.wikidata.org/entity/Q21510562"
"Gabaldon","https://www.wikidata.org/entity/Q21506757"
"Gal","https://www.wikidata.org/entity/Q36989498"
"Galbraith","https://www.wikidata.org/entity/Q21448873"
"Galilei","https://www.wikidata.org/entity/Q21493807"
"Gallini","https://www.wikidata.org/entity/Q21493810"
"Galon","https://www.wikidata.org/entity/Q36928577"
"Galus","https://www.wikidata.org/entity/Q37291842"
"Gamble","https://www.wikidata.org/entity/Q16870095"
"Gao","https://www.wikidata.org/entity/Q713706"
"Garaci","https://www.wikidata.org/entity/Q99909080"
"Garattini","https://www.wikidata.org/entity/Q101015843"
"Garbuliński","https://www.wikidata.org/entity/Q124485654"
"García","https://www.wikidata.org/entity/Q980636"
"Gardner","https://www.wikidata.org/entity/Q1700760"
"Garlicki","https://www.wikidata.org/entity/Q61937547"
"Garton","https://www.wikidata.org/entity/Q37051174"
"Garwin","https://www.wikidata.org/entity/Q122615798"
"Gates","https://www.wikidata.org/entity/Q16870134"
"Gauss","https://www.wikidata.org/entity/Q16863158"
"Gautier","https://www.wikidata.org/entity/Q16870137"
"Gawronski","https://www.wikidata.org/entity/Q37191731"
"Geiger","https://www.wikidata.org/entity/Q2698551"
"Geigy","https://www.wikidata.org/entity/Q76421794"
"Geim","https://www.wikidata.org/entity/Q141281779"
"Geisler","https://www.wikidata.org/entity/Q21431230"
"Gensburger","https://www.wikidata.org/entity/Q104837400"
"Genzel","https://www.wikidata.org/entity/Q37516821"
"Gerlach","https://www.wikidata.org/entity/Q1513700"
"Germain","https://www.wikidata.org/entity/Q16766322"
"Gerrard","https://www.wikidata.org/entity/Q16451404"
"Gertych","https://www.wikidata.org/entity/Q81728998"
"Gesemann","https://www.wikidata.org/entity/Q27887277"
"Ghazaryan","https://www.wikidata.org/entity/Q21492535"
"Ghez","https://www.wikidata.org/entity/Q104626839"
"Giæver","https://www.wikidata.org/entity/Q30514112"
"Gibson","https://www.wikidata.org/entity/Q2700390"
"Giemsa","https://www.wikidata.org/entity/Q131858878"
"Gilbert","https://www.wikidata.org/entity/Q1158185"
"Ginzburg","https://www.wikidata.org/entity/Q124420734"
"Gioeni","https://www.wikidata.org/entity/Q84601637"
"Giordano","https://www.wikidata.org/entity/Q15272936"
"Girardeau","https://www.wikidata.org/entity/Q21509308"
"Girnus","https://www.wikidata.org/entity/Q120784470"
"Glaser","https://www.wikidata.org/entity/Q955953"
"Glashow","https://www.wikidata.org/entity/Q75358570"
"Gleispach","https://www.wikidata.org/entity/Q119796735"
"Glück","https://www.wikidata.org/entity/Q18572881"
"Gluckman","https://www.wikidata.org/entity/Q37049340"
"Glueck","https://www.wikidata.org/entity/Q37463950"
"Godziński","https://www.wikidata.org/entity/Q65249259"
"Goeppert","https://www.wikidata.org/entity/Q94956211"
"Golan","https://www.wikidata.org/entity/Q21507846"
"Goldbach","https://www.wikidata.org/entity/Q21488365"
"Goldberg","https://www.wikidata.org/entity/Q1158318"
"Golden","https://www.wikidata.org/entity/Q27356272"
"Goldfeder","https://www.wikidata.org/entity/Q37219448"
"Goldsmith","https://www.wikidata.org/entity/Q13553587"
"Goldstein","https://www.wikidata.org/entity/Q16839807"
"Golgi","https://www.wikidata.org/entity/Q99981364"
"Gonçalves","https://www.wikidata.org/entity/Q16451963"
"Goodman","https://www.wikidata.org/entity/Q4151606"
"Göppert","https://www.wikidata.org/entity/Q83494893"
"Gorgone","https://www.wikidata.org/entity/Q37464271"
"Gorlov","https://www.wikidata.org/entity/Q96741352"
"Gorrie","https://www.wikidata.org/entity/Q37068936"
"Gorshkov","https://www.wikidata.org/entity/Q21448975"
"Goryachev","https://www.wikidata.org/entity/Q56538532"
"Goryachkin","https://www.wikidata.org/entity/Q56538533"
"Goryszewski","https://www.wikidata.org/entity/Q28192107"
"Goryunov","https://www.wikidata.org/entity/Q56538534"
"Göschen","https://www.wikidata.org/entity/Q117825359"
"Gossweiler","https://www.wikidata.org/entity/Q76411563"
"Gotō","https://www.wikidata.org/entity/Q16870261"
"Goudsmit","https://www.wikidata.org/entity/Q21492401"
"Gould","https://www.wikidata.org/entity/Q669368"
"Gourdot","https://www.wikidata.org/entity/Q106352471"
"Gourov","https://www.wikidata.org/entity/Q21507296"
"Gower","https://www.wikidata.org/entity/Q16870267"
"Grabar","https://www.wikidata.org/entity/Q28821999"
"Grabauskas","https://www.wikidata.org/entity/Q12655765"
"Grąbczewski","https://www.wikidata.org/entity/Q28150993"
"Grabski","https://www.wikidata.org/entity/Q27941132"
"Gradmann","https://www.wikidata.org/entity/Q106078901"
"Graff","https://www.wikidata.org/entity/Q26252789"
"Gräffe","https://www.wikidata.org/entity/Q109830392"
"Granado","https://www.wikidata.org/entity/Q36933861"
"Grande","https://www.wikidata.org/entity/Q16870278"
"Grandjean","https://www.wikidata.org/entity/Q21506693"
"Grant","https://www.wikidata.org/entity/Q17864440"
"Gräsbeck","https://www.wikidata.org/entity/Q28147212"
"Grashchenkov","https://www.wikidata.org/entity/Q92333134"
"Gratien","https://www.wikidata.org/entity/Q104854679"
"Grau","https://www.wikidata.org/entity/Q5597740"
"Greenfield","https://www.wikidata.org/entity/Q13553608"
"Gregor","https://www.wikidata.org/entity/Q5606627"
"Gregory","https://www.wikidata.org/entity/Q1333689"
"Greife","https://www.wikidata.org/entity/Q37255633"
"Greig","https://www.wikidata.org/entity/Q28215980"
"Grekov","https://www.wikidata.org/entity/Q28916505"
"Greyson","https://www.wikidata.org/entity/Q16276058"
"Griesinger","https://www.wikidata.org/entity/Q37521389"
"Grießbach","https://www.wikidata.org/entity/Q106807452"
"Griffin","https://www.wikidata.org/entity/Q1546592"
"Griffith","https://www.wikidata.org/entity/Q263542"
"Grigorian","https://www.wikidata.org/entity/Q21492806"
"Grigorov","https://www.wikidata.org/entity/Q30108053"
"Grigorovich","https://www.wikidata.org/entity/Q110879967"
"Grigoryev","https://www.wikidata.org/entity/Q48538613"
"Grigoryeva","https://www.wikidata.org/entity/Q111695291"
"Grishin","https://www.wikidata.org/entity/Q21449985"
"Gromov","https://www.wikidata.org/entity/Q21507277"
"Grosch","https://www.wikidata.org/entity/Q28842831"
"Gross","https://www.wikidata.org/entity/Q14290163"
"Grossi","https://www.wikidata.org/entity/Q41773646"
"Grove","https://www.wikidata.org/entity/Q16870334"
"Grube","https://www.wikidata.org/entity/Q21502041"
"Grunauer","https://www.wikidata.org/entity/Q19902335"
"Gruner","https://www.wikidata.org/entity/Q28150753"
"Gryaznov","https://www.wikidata.org/entity/Q27134442"
"Gubin","https://www.wikidata.org/entity/Q110278651"
"Gülşen","https://www.wikidata.org/entity/Q70501229"
"Gulyayev","https://www.wikidata.org/entity/Q21450134"
"Gulyga","https://www.wikidata.org/entity/Q115443595"
"Gundelfinger","https://www.wikidata.org/entity/Q37571226"
"Guo","https://www.wikidata.org/entity/Q4140836"
"Gupta","https://www.wikidata.org/entity/Q3632770"
"Gürel","https://www.wikidata.org/entity/Q1562044"
"Gurevich","https://www.wikidata.org/entity/Q50116321"
"Gurney","https://www.wikidata.org/entity/Q21510026"
"Gurvich","https://www.wikidata.org/entity/Q12790519"
"Gusev","https://www.wikidata.org/entity/Q5620835"
"Guzovsky","https://www.wikidata.org/entity/Q21126308"
"Guzzi","https://www.wikidata.org/entity/Q37491280"
"Haake","https://www.wikidata.org/entity/Q27976344"
"Haberlandt","https://www.wikidata.org/entity/Q105532086"
"Haberman","https://www.wikidata.org/entity/Q5636724"
"Hackländer","https://www.wikidata.org/entity/Q110994069"
"Haddad","https://www.wikidata.org/entity/Q41558505"
"Hähle","https://www.wikidata.org/entity/Q116883860"
"Hahn","https://www.wikidata.org/entity/Q1362661"
"Hajiyev","https://www.wikidata.org/entity/Q16870400"
"Hale","https://www.wikidata.org/entity/Q16870404"
"Halford","https://www.wikidata.org/entity/Q16870408"
"Hall","https://www.wikidata.org/entity/Q1551523"
"Haller","https://www.wikidata.org/entity/Q7486798"
"Halsey","https://www.wikidata.org/entity/Q16870451"
"Halubovich","https://www.wikidata.org/entity/Q4142470"
"Hamburger","https://www.wikidata.org/entity/Q16870462"
"Hamedani","https://www.wikidata.org/entity/Q37489629"
"Hamel","https://www.wikidata.org/entity/Q21488857"
"Hamers","https://www.wikidata.org/entity/Q37330668"
"Hamilton","https://www.wikidata.org/entity/Q21450552"
"Hammond","https://www.wikidata.org/entity/Q2711174"
"Han","https://www.wikidata.org/entity/Q717767"
"Hanamura","https://www.wikidata.org/entity/Q27167583"
"Hankel","https://www.wikidata.org/entity/Q26001238"
"Hansen","https://www.wikidata.org/entity/Q2712367"
"Harmon","https://www.wikidata.org/entity/Q16276369"
"Haroche","https://www.wikidata.org/entity/Q21450053"
"Harper","https://www.wikidata.org/entity/Q1586017"
"Harris","https://www.wikidata.org/entity/Q10859343"
"Harrison","https://www.wikidata.org/entity/Q2712864"
"Hartman","https://www.wikidata.org/entity/Q24354068"
"Harusewicz","https://www.wikidata.org/entity/Q127467159"
"Hashimoto","https://www.wikidata.org/entity/Q16870551"
"Haskell","https://www.wikidata.org/entity/Q27832385"
"Hattori","https://www.wikidata.org/entity/Q24090479"
"Hayashi","https://www.wikidata.org/entity/Q279372"
"Healy","https://www.wikidata.org/entity/Q21482559"
"Heer","https://www.wikidata.org/entity/Q37553243"
"Heffter","https://www.wikidata.org/entity/Q106372911"
"Heidegger","https://www.wikidata.org/entity/Q21044587"
"Heil","https://www.wikidata.org/entity/Q16870661"
"Heilmeier","https://www.wikidata.org/entity/Q16861804"
"Heimlich","https://www.wikidata.org/entity/Q37440369"
"Heisler","https://www.wikidata.org/entity/Q21506962"
"Heldrich","https://www.wikidata.org/entity/Q119400407"
"Heller","https://www.wikidata.org/entity/Q5574335"
"Hellinger","https://www.wikidata.org/entity/Q36922382"
"Helmholtz","https://www.wikidata.org/entity/Q63116950"
"Henderson","https://www.wikidata.org/entity/Q2716369"
"Henle","https://www.wikidata.org/entity/Q36933520"
"Henriques","https://www.wikidata.org/entity/Q16870705"
"Henry","https://www.wikidata.org/entity/Q5716947"
"Herasymenko","https://www.wikidata.org/entity/Q21511040"
"Hermosilla","https://www.wikidata.org/entity/Q36933646"
"Herrmann","https://www.wikidata.org/entity/Q21143968"
"Hervieu","https://www.wikidata.org/entity/Q3134391"
"Hess","https://www.wikidata.org/entity/Q21482735"
"Hesse","https://www.wikidata.org/entity/Q1615700"
"Hessel","https://www.wikidata.org/entity/Q12316710"
"Heudin","https://www.wikidata.org/entity/Q125732376"
"Heussen","https://www.wikidata.org/entity/Q132127600"
"Hewitson","https://www.wikidata.org/entity/Q5748424"
"Heyrovský","https://www.wikidata.org/entity/Q12019597"
"Higuchi","https://www.wikidata.org/entity/Q20646033"
"Hilberg","https://www.wikidata.org/entity/Q36869716"
"Hillary","https://www.wikidata.org/entity/Q20155676"
"Hillig","https://www.wikidata.org/entity/Q36909363"
"Hillis","https://www.wikidata.org/entity/Q21450395"
"Hinchcliffe","https://www.wikidata.org/entity/Q21450396"
"Hirabayashi","https://www.wikidata.org/entity/Q26212833"
"Hirata","https://www.wikidata.org/entity/Q16870797"
"Hirsch","https://www.wikidata.org/entity/Q1620328"
"Hirsi","https://www.wikidata.org/entity/Q37100418"
"Hirt","https://www.wikidata.org/entity/Q20683529"
"Hlushchenko","https://www.wikidata.org/entity/Q18330978"
"Hofer","https://www.wikidata.org/entity/Q1622996"
"Hoffmann","https://www.wikidata.org/entity/Q23907787"
"Holland","https://www.wikidata.org/entity/Q1624734"
"Holliday","https://www.wikidata.org/entity/Q16276909"
"Holmer","https://www.wikidata.org/entity/Q21508286"
"Holmes","https://www.wikidata.org/entity/Q1762298"
"Holonyak","https://www.wikidata.org/entity/Q102214295"
"Holt","https://www.wikidata.org/entity/Q1437477"
"Holub","https://www.wikidata.org/entity/Q12766965"
"Hołubowicz","https://www.wikidata.org/entity/Q65249283"
"Holý","https://www.wikidata.org/entity/Q21497487"
"Holyoke","https://www.wikidata.org/entity/Q37203668"
"Honda","https://www.wikidata.org/entity/Q19347129"
"Hong","https://www.wikidata.org/entity/Q4502336"
"Honma","https://www.wikidata.org/entity/Q1626124"
"Hopkinson","https://www.wikidata.org/entity/Q21493077"
"Hoppe","https://www.wikidata.org/entity/Q21491265"
"Horowitz","https://www.wikidata.org/entity/Q21482757"
"Horton","https://www.wikidata.org/entity/Q16870893"
"Hoskin","https://www.wikidata.org/entity/Q21454910"
"Hosseinzadeh","https://www.wikidata.org/entity/Q21663843"
"Houben","https://www.wikidata.org/entity/Q21510311"
"Houël","https://www.wikidata.org/entity/Q48469716"
"Hove","https://www.wikidata.org/entity/Q30131972"
"Howard","https://www.wikidata.org/entity/Q908051"
"Hoxha","https://www.wikidata.org/entity/Q31036502"
"Hrashchankaw","https://www.wikidata.org/entity/Q109457553"
"Huber","https://www.wikidata.org/entity/Q1755469"
"Hudson","https://www.wikidata.org/entity/Q2720681"
"Huggins","https://www.wikidata.org/entity/Q21450952"
"Hughes","https://www.wikidata.org/entity/Q2720749"
"Hulyi","https://www.wikidata.org/entity/Q120646256"
"Humbert","https://www.wikidata.org/entity/Q21492858"
"Huntington","https://www.wikidata.org/entity/Q21487996"
"Hüseynov","https://www.wikidata.org/entity/Q21493169"
"Hussein","https://www.wikidata.org/entity/Q30091418"
"Husseini","https://www.wikidata.org/entity/Q3143499"
"Hutchison","https://www.wikidata.org/entity/Q27358994"
"Hutterer","https://www.wikidata.org/entity/Q37572115"
"Hwang","https://www.wikidata.org/entity/Q37330471"
"Hynek","https://www.wikidata.org/entity/Q21450779"
"Iansiti","https://www.wikidata.org/entity/Q101039992"
"Ibraguimov","https://www.wikidata.org/entity/Q21493172"
"Ibrahim","https://www.wikidata.org/entity/Q30091560"
"Ichazo","https://www.wikidata.org/entity/Q42945031"
"Iglesias","https://www.wikidata.org/entity/Q16452687"
"Ignatenko","https://www.wikidata.org/entity/Q50344558"
"Ignatyev","https://www.wikidata.org/entity/Q31034308"
"Igumnov","https://www.wikidata.org/entity/Q10000087"
"Ihnatsyenka","https://www.wikidata.org/entity/Q109923389"
"Ikeda","https://www.wikidata.org/entity/Q4199132"
"Ikegami","https://www.wikidata.org/entity/Q26203509"
"Iliopoulos","https://www.wikidata.org/entity/Q21509495"
"Ilyichev","https://www.wikidata.org/entity/Q127947750"
"Ilyin","https://www.wikidata.org/entity/Q109942536"
"Ilyin","https://www.wikidata.org/entity/Q30108450"
"Imanaka","https://www.wikidata.org/entity/Q27178059"
"Immisch","https://www.wikidata.org/entity/Q90827344"
"Imsen","https://www.wikidata.org/entity/Q122836917"
"Imshenetsky","https://www.wikidata.org/entity/Q77346453"
"Ingólfsdóttir","https://www.wikidata.org/entity/Q56538752"
"Inozemtsev","https://www.wikidata.org/entity/Q47498778"
"Irons","https://www.wikidata.org/entity/Q27601633"
"Isaac","https://www.wikidata.org/entity/Q24232039"
"İsayev","https://www.wikidata.org/entity/Q109980895"
"Ishiguro","https://www.wikidata.org/entity/Q21508024"
"Istomin","https://www.wikidata.org/entity/Q21450298"
"Itai","https://www.wikidata.org/entity/Q27165931"
"Itami","https://www.wikidata.org/entity/Q113012480"
"Its","https://www.wikidata.org/entity/Q65178028"
"Ivanov","https://www.wikidata.org/entity/Q16654835"
"Ivanova","https://www.wikidata.org/entity/Q21447935"
"Ivanovsky","https://www.wikidata.org/entity/Q18208838"
"Ivashkin","https://www.wikidata.org/entity/Q4197036"
"Iwasaki","https://www.wikidata.org/entity/Q24090440"
"Izotov","https://www.wikidata.org/entity/Q12791761"
"Jabbari","https://www.wikidata.org/entity/Q37517434"
"Jablonski","https://www.wikidata.org/entity/Q17745973"
"Jachimowicz","https://www.wikidata.org/entity/Q1217644"
"Jack","https://www.wikidata.org/entity/Q16871117"
"Jäger","https://www.wikidata.org/entity/Q663233"
"Jahn","https://www.wikidata.org/entity/Q1678548"
"Jakobson","https://www.wikidata.org/entity/Q1679557"
"Jakubowski","https://www.wikidata.org/entity/Q21509239"
"James","https://www.wikidata.org/entity/Q12188082"
"Janhunen","https://www.wikidata.org/entity/Q28149723"
"Janković","https://www.wikidata.org/entity/Q23533396"
"Janowski","https://www.wikidata.org/entity/Q21451109"
"Jansons","https://www.wikidata.org/entity/Q21502286"
"Japaridze","https://www.wikidata.org/entity/Q47516327"
"Jaqypov","https://www.wikidata.org/entity/Q136966450"
"Jastrow","https://www.wikidata.org/entity/Q21491103"
"Javanshir clan","https://www.wikidata.org/entity/Q4160040"
"Jeffrey","https://www.wikidata.org/entity/Q37503466"
"Jeger","https://www.wikidata.org/entity/Q76417775"
"Jenny","https://www.wikidata.org/entity/Q16871162"
"Jensen","https://www.wikidata.org/entity/Q12657428"
"Jerin","https://www.wikidata.org/entity/Q12792378"
"Jeschke","https://www.wikidata.org/entity/Q20996988"
"Jiang","https://www.wikidata.org/entity/Q3498693"
"Jin","https://www.wikidata.org/entity/Q718600"
"Jishkariani","https://www.wikidata.org/entity/Q21501417"
"Joaquim","https://www.wikidata.org/entity/Q37276905"
"Joffe","https://www.wikidata.org/entity/Q21448968"
"Johnson","https://www.wikidata.org/entity/Q1158485"
"Joisten","https://www.wikidata.org/entity/Q83359940"
"Joliot-Curie","https://www.wikidata.org/entity/Q56538823"
"Jones","https://www.wikidata.org/entity/Q59853"
"Jonker","https://www.wikidata.org/entity/Q21491137"
"Joos","https://www.wikidata.org/entity/Q37284939"
"Jordan","https://www.wikidata.org/entity/Q1703599"
"Jørgensen","https://www.wikidata.org/entity/Q28858461"
"Joseph","https://www.wikidata.org/entity/Q15297160"
"Jung","https://www.wikidata.org/entity/Q16255538"
"Jurga","https://www.wikidata.org/entity/Q56538838"
"Kabanov","https://www.wikidata.org/entity/Q43181771"
"Kaczmarek","https://www.wikidata.org/entity/Q669274"
"Kade","https://www.wikidata.org/entity/Q29181404"
"Kajinsky","https://www.wikidata.org/entity/Q24958179"
"Kalashnikov","https://www.wikidata.org/entity/Q21484899"
"Kaler","https://www.wikidata.org/entity/Q37122697"
"Kalinin","https://www.wikidata.org/entity/Q16359870"
"Kaljunen","https://www.wikidata.org/entity/Q125367491"
"Kallmeyer","https://www.wikidata.org/entity/Q36863724"
"Kalmykov","https://www.wikidata.org/entity/Q37558138"
"Kálnay","https://www.wikidata.org/entity/Q99518229"
"Kalnbērzs","https://www.wikidata.org/entity/Q21954765"
"Kalugin","https://www.wikidata.org/entity/Q16871247"
"Kamenskaya","https://www.wikidata.org/entity/Q136327319"
"Kamensky","https://www.wikidata.org/entity/Q16871253"
"Kamerlingh Onnes","https://www.wikidata.org/entity/Q100701378"
"Kaminski","https://www.wikidata.org/entity/Q21493620"
"Kaminsky","https://www.wikidata.org/entity/Q109324061"
"Kampp","https://www.wikidata.org/entity/Q54332813"
"Kampus","https://www.wikidata.org/entity/Q45774237"
"Kandelaki","https://www.wikidata.org/entity/Q30140379"
"Kanner","https://www.wikidata.org/entity/Q37459620"
"Kantaria","https://www.wikidata.org/entity/Q90973752"
"Kantorowicz","https://www.wikidata.org/entity/Q21491225"
"Kantrowitz","https://www.wikidata.org/entity/Q37475014"
"Kao","https://www.wikidata.org/entity/Q104505754"
"Kapustin","https://www.wikidata.org/entity/Q21491227"
"Karabanov","https://www.wikidata.org/entity/Q97765535"
"Karamysheva","https://www.wikidata.org/entity/Q105754734"
"Karaulov","https://www.wikidata.org/entity/Q56538880"
"Kargın","https://www.wikidata.org/entity/Q4214700"
"Karimov","https://www.wikidata.org/entity/Q21452140"
"Kármán","https://www.wikidata.org/entity/Q106403223"
"Karner","https://www.wikidata.org/entity/Q37479728"
"Karpenko","https://www.wikidata.org/entity/Q21452399"
"Karpinski","https://www.wikidata.org/entity/Q450440"
"Karpov","https://www.wikidata.org/entity/Q12793499"
"Kashchenko","https://www.wikidata.org/entity/Q53465627"
"Kashiwadani","https://www.wikidata.org/entity/Q27307056"
"Kastsyan","https://www.wikidata.org/entity/Q31982017"
"Katz","https://www.wikidata.org/entity/Q8114053"
"Kauffman","https://www.wikidata.org/entity/Q26973081"
"Kaufman","https://www.wikidata.org/entity/Q109553083"
"Kawaguchi","https://www.wikidata.org/entity/Q24090468"
"Kawai","https://www.wikidata.org/entity/Q24091120"
"Kawai","https://www.wikidata.org/entity/Q26439091"
"Kawasaki","https://www.wikidata.org/entity/Q16871301"
"Kawase","https://www.wikidata.org/entity/Q21491598"
"Kawashima","https://www.wikidata.org/entity/Q19961149"
"Kawata","https://www.wikidata.org/entity/Q26157606"
"Kay","https://www.wikidata.org/entity/Q16871302"
"Kayser","https://www.wikidata.org/entity/Q21493722"
"Kazakov","https://www.wikidata.org/entity/Q783322"
"Kazansky","https://www.wikidata.org/entity/Q109931849"
"Kazantsev","https://www.wikidata.org/entity/Q43173161"
"Kaziev","https://www.wikidata.org/entity/Q131742969"
"Kazlowski","https://www.wikidata.org/entity/Q32076482"
"Kazmina","https://www.wikidata.org/entity/Q21179676"
"Kaznelson","https://www.wikidata.org/entity/Q106384421"
"Kazula","https://www.wikidata.org/entity/Q118078451"
"Keely","https://www.wikidata.org/entity/Q6382835"
"Kehiaian","https://www.wikidata.org/entity/Q130772239"
"Keil","https://www.wikidata.org/entity/Q21449588"
"Keller","https://www.wikidata.org/entity/Q1738213"
"Kellermann","https://www.wikidata.org/entity/Q21491202"
"Kelly","https://www.wikidata.org/entity/Q928249"
"Kemp","https://www.wikidata.org/entity/Q21488342"
"Kendig","https://www.wikidata.org/entity/Q37570576"
"Kenrick","https://www.wikidata.org/entity/Q21491449"
"Kenyon","https://www.wikidata.org/entity/Q421649"
"Kerem","https://www.wikidata.org/entity/Q41988027"
"Kereselidze","https://www.wikidata.org/entity/Q91013478"
"Kerimov","https://www.wikidata.org/entity/Q110061654"
"Kerner","https://www.wikidata.org/entity/Q55082467"
"Kesteloot","https://www.wikidata.org/entity/Q37032860"
"Kərimov","https://www.wikidata.org/entity/Q110061764"
"Khachaturov","https://www.wikidata.org/entity/Q56538926"
"Khalfin","https://www.wikidata.org/entity/Q125562095"
"Khalikov","https://www.wikidata.org/entity/Q130356962"
"Khalilov","https://www.wikidata.org/entity/Q21482557"
"Kharakoz","https://www.wikidata.org/entity/Q131689821"
"Kharitonov","https://www.wikidata.org/entity/Q21492865"
"Khazan","https://www.wikidata.org/entity/Q37462083"
"Khlebnikov","https://www.wikidata.org/entity/Q3196187"
"Khrushchev","https://www.wikidata.org/entity/Q21512067"
"Kibalchich","https://www.wikidata.org/entity/Q1740775"
"Kienzle","https://www.wikidata.org/entity/Q1453290"
"Kieslinger","https://www.wikidata.org/entity/Q38898689"
"Kiknadze","https://www.wikidata.org/entity/Q21509448"
"Kimmel","https://www.wikidata.org/entity/Q21487438"
"Kimura","https://www.wikidata.org/entity/Q20978130"
"Kinoshita","https://www.wikidata.org/entity/Q24090446"
"Kipshidze","https://www.wikidata.org/entity/Q12870516"
"Kireyev","https://www.wikidata.org/entity/Q21492512"
"Kirichenko","https://www.wikidata.org/entity/Q1295521"
"Kirilin","https://www.wikidata.org/entity/Q66745470"
"Kirillov","https://www.wikidata.org/entity/Q21502373"
"Kirillova","https://www.wikidata.org/entity/Q65622090"
"Kirk","https://www.wikidata.org/entity/Q1743473"
"Kirkwood","https://www.wikidata.org/entity/Q16871431"
"Kirstein","https://www.wikidata.org/entity/Q21509462"
"Kise","https://www.wikidata.org/entity/Q124423404"
"Kiselyov","https://www.wikidata.org/entity/Q21509370"
"Kishida","https://www.wikidata.org/entity/Q26212776"
"Kit","https://www.wikidata.org/entity/Q22117028"
"Kitaoka","https://www.wikidata.org/entity/Q26437145"
"Kiuru","https://www.wikidata.org/entity/Q27891361"
"Klaproth","https://www.wikidata.org/entity/Q36921210"
"Kleiman","https://www.wikidata.org/entity/Q21491143"
"Klein","https://www.wikidata.org/entity/Q428024"
"Klemm","https://www.wikidata.org/entity/Q240683"
"Klepikov","https://www.wikidata.org/entity/Q4223382"
"Kleshchyov","https://www.wikidata.org/entity/Q105362838"
"Klimenko","https://www.wikidata.org/entity/Q112275854"
"Klimov","https://www.wikidata.org/entity/Q21506626"
"Klingel","https://www.wikidata.org/entity/Q37031568"
"Klinkerfues","https://www.wikidata.org/entity/Q25712308"
"Klumbach","https://www.wikidata.org/entity/Q109231073"
"Klymenko","https://www.wikidata.org/entity/Q56538993"
"Klyuev","https://www.wikidata.org/entity/Q21502155"
"Knabe","https://www.wikidata.org/entity/Q21448192"
"Knight","https://www.wikidata.org/entity/Q1777139"
"Knoblauch","https://www.wikidata.org/entity/Q21491159"
"Knyazev","https://www.wikidata.org/entity/Q21449674"
"Kobyakov","https://www.wikidata.org/entity/Q26252322"
"Kobzev","https://www.wikidata.org/entity/Q4225126"
"Koch","https://www.wikidata.org/entity/Q1348074"
"Kochański","https://www.wikidata.org/entity/Q27941338"
"Koehler","https://www.wikidata.org/entity/Q612479"
"Koepcke","https://www.wikidata.org/entity/Q86885291"
"Kogan","https://www.wikidata.org/entity/Q22815056"
"Kögler","https://www.wikidata.org/entity/Q62272588"
"Kognowicki","https://www.wikidata.org/entity/Q112074237"
"Kohan","https://www.wikidata.org/entity/Q121907086"
"Köhler","https://www.wikidata.org/entity/Q21449065"
"Kohn","https://www.wikidata.org/entity/Q21065981"
"Kohoutek","https://www.wikidata.org/entity/Q12029733"
"Koike","https://www.wikidata.org/entity/Q24090494"
"Koizumi","https://www.wikidata.org/entity/Q38364939"
"Kolderup","https://www.wikidata.org/entity/Q30732425"
"Kolesnikov","https://www.wikidata.org/entity/Q21492108"
"Kolesnychenko","https://www.wikidata.org/entity/Q50400111"
"Kolesov","https://www.wikidata.org/entity/Q12793874"
"Kolosov","https://www.wikidata.org/entity/Q21452607"
"Kolpakov","https://www.wikidata.org/entity/Q21452608"
"Kolter","https://www.wikidata.org/entity/Q36934213"
"Komárek","https://www.wikidata.org/entity/Q56072362"
"Komarov","https://www.wikidata.org/entity/Q21488818"
"Komiyama","https://www.wikidata.org/entity/Q26444541"
"Kon","https://www.wikidata.org/entity/Q4232010"
"Kondrashov","https://www.wikidata.org/entity/Q4230641"
"Kondratyev","https://www.wikidata.org/entity/Q21449107"
"König","https://www.wikidata.org/entity/Q1795948"
"Kőnig","https://www.wikidata.org/entity/Q88022714"
"Konin","https://www.wikidata.org/entity/Q127686765"
"Konold","https://www.wikidata.org/entity/Q37132425"
"Kononov","https://www.wikidata.org/entity/Q12793982"
"Konovalov","https://www.wikidata.org/entity/Q111762569"
"Konovalov","https://www.wikidata.org/entity/Q21493009"
"Konstantinov","https://www.wikidata.org/entity/Q21491748"
"Koppers","https://www.wikidata.org/entity/Q16871528"
"Kordonsky","https://www.wikidata.org/entity/Q136350093"
"Koretskiy","https://www.wikidata.org/entity/Q68091933"
"Körner","https://www.wikidata.org/entity/Q1796619"
"Kornfeld","https://www.wikidata.org/entity/Q23009873"
"Kornilova","https://www.wikidata.org/entity/Q4233386"
"Korobov","https://www.wikidata.org/entity/Q16871532"
"Korolkov","https://www.wikidata.org/entity/Q12794091"
"Korolyov","https://www.wikidata.org/entity/Q48800973"
"Korotayev","https://www.wikidata.org/entity/Q4234032"
"Korovin","https://www.wikidata.org/entity/Q21487492"
"Korsakov","https://www.wikidata.org/entity/Q21506623"
"Kosacki","https://www.wikidata.org/entity/Q113951428"
"Koshelev","https://www.wikidata.org/entity/Q4236977"
"Koshkin","https://www.wikidata.org/entity/Q81904495"
"Kostenko","https://www.wikidata.org/entity/Q21492546"
"Kostin","https://www.wikidata.org/entity/Q134581271"
"Kostrov","https://www.wikidata.org/entity/Q4235522"
"Kotlov","https://www.wikidata.org/entity/Q4236053"
"Kotowicz","https://www.wikidata.org/entity/Q21492548"
"Kotsovsky","https://www.wikidata.org/entity/Q110429036"
"Koulaginia","https://www.wikidata.org/entity/Q21491541"
"Kovač","https://www.wikidata.org/entity/Q12661221"
"Koval","https://www.wikidata.org/entity/Q30095027"
"Kovalenko","https://www.wikidata.org/entity/Q48703032"
"Kovalevsky","https://www.wikidata.org/entity/Q51077304"
"Kovalyov","https://www.wikidata.org/entity/Q43176685"
"Kowalski","https://www.wikidata.org/entity/Q3199417"
"Kozhevnikov","https://www.wikidata.org/entity/Q21492118"
"Kozin","https://www.wikidata.org/entity/Q140426349"
"Kozlov","https://www.wikidata.org/entity/Q4226805"
"Kozlovsky","https://www.wikidata.org/entity/Q21191670"
"Kozyrev","https://www.wikidata.org/entity/Q50338854"
"Krabbe","https://www.wikidata.org/entity/Q1667462"
"Krafft","https://www.wikidata.org/entity/Q1785944"
"Krajewski","https://www.wikidata.org/entity/Q21449120"
"Krajnov","https://www.wikidata.org/entity/Q4237472"
"Kramer","https://www.wikidata.org/entity/Q1158524"
"Krapp","https://www.wikidata.org/entity/Q21507439"
"Krasilschikov","https://www.wikidata.org/entity/Q112035361"
"Krasnikov","https://www.wikidata.org/entity/Q4238195"
"Krasnoshchyokov","https://www.wikidata.org/entity/Q111798775"
"Kraus","https://www.wikidata.org/entity/Q931355"
"Krause","https://www.wikidata.org/entity/Q21449125"
"Kravtsov","https://www.wikidata.org/entity/Q56246346"
"Krech","https://www.wikidata.org/entity/Q37188101"
"Krenchel","https://www.wikidata.org/entity/Q54354751"
"Kreuz","https://www.wikidata.org/entity/Q37550550"
"Krichevsky","https://www.wikidata.org/entity/Q21513244"
"Krivoshein","https://www.wikidata.org/entity/Q4240874"
"Krivosheyev","https://www.wikidata.org/entity/Q56539099"
"Krivtsov","https://www.wikidata.org/entity/Q4240930"
"Křižík","https://www.wikidata.org/entity/Q17542105"
"Krogh","https://www.wikidata.org/entity/Q21492316"
"Kropp","https://www.wikidata.org/entity/Q36941777"
"Kroto","https://www.wikidata.org/entity/Q106119078"
"Krouglov","https://www.wikidata.org/entity/Q21491122"
"Kruszelnicki","https://www.wikidata.org/entity/Q28049812"
"Krylov","https://www.wikidata.org/entity/Q41583533"
"Kubiiovych","https://www.wikidata.org/entity/Q87270943"
"Kubik","https://www.wikidata.org/entity/Q27876404"
"Küchemann","https://www.wikidata.org/entity/Q106119102"
"Kucherov","https://www.wikidata.org/entity/Q56539116"
"Kudryashov","https://www.wikidata.org/entity/Q56539121"
"Kudryavtsev","https://www.wikidata.org/entity/Q20518734"
"Kuffler","https://www.wikidata.org/entity/Q37513458"
"Kuhle","https://www.wikidata.org/entity/Q37120578"
"Kuhn","https://www.wikidata.org/entity/Q1791251"
"Kukushkin","https://www.wikidata.org/entity/Q1127930"
"Kulakov","https://www.wikidata.org/entity/Q423635"
"Kulchitsky","https://www.wikidata.org/entity/Q110532549"
"Kuleshov","https://www.wikidata.org/entity/Q56243699"
"Kulik","https://www.wikidata.org/entity/Q43258411"
"Kummerow","https://www.wikidata.org/entity/Q37528513"
"Kunicki","https://www.wikidata.org/entity/Q21513246"
"Künzel","https://www.wikidata.org/entity/Q1404552"
"Kuo","https://www.wikidata.org/entity/Q37461042"
"Kuper","https://www.wikidata.org/entity/Q37482096"
"Kupriyanov","https://www.wikidata.org/entity/Q4247563"
"Kuraev","https://www.wikidata.org/entity/Q131722646"
"Kurashov","https://www.wikidata.org/entity/Q125207965"
"Kurbanov","https://www.wikidata.org/entity/Q37110320"
"Kurbatov","https://www.wikidata.org/entity/Q56539144"
"Kurdyumov","https://www.wikidata.org/entity/Q21513248"
"Kurihara","https://www.wikidata.org/entity/Q24090533"
"Kurilov","https://www.wikidata.org/entity/Q93597129"
"Kurnik","https://www.wikidata.org/entity/Q37520124"
"Kurnosov","https://www.wikidata.org/entity/Q4248645"
"Kurochkin","https://www.wikidata.org/entity/Q4248761"
"Kürschák","https://www.wikidata.org/entity/Q140716890"
"Kurzweil","https://www.wikidata.org/entity/Q21500901"
"Kushev","https://www.wikidata.org/entity/Q4250156"
"Kutakhov","https://www.wikidata.org/entity/Q4249439"
"Kutepov","https://www.wikidata.org/entity/Q21513250"
"Kuvaldin","https://www.wikidata.org/entity/Q4244190"
"Kuzin","https://www.wikidata.org/entity/Q1231687"
"Kuzmin","https://www.wikidata.org/entity/Q21500857"
"Kuznetsov","https://www.wikidata.org/entity/Q4245091"
"Kuznietsov","https://www.wikidata.org/entity/Q110493858"
"Kybalchych","https://www.wikidata.org/entity/Q118235984"
"Kydland","https://www.wikidata.org/entity/Q30514142"
"Kyriazis","https://www.wikidata.org/entity/Q37445269"
"Laats","https://www.wikidata.org/entity/Q29441136"
"Labuda","https://www.wikidata.org/entity/Q16516193"
"Ladygin","https://www.wikidata.org/entity/Q12794541"
"LaFlamme","https://www.wikidata.org/entity/Q1312313"
"Låg","https://www.wikidata.org/entity/Q122837328"
"Lagmay","https://www.wikidata.org/entity/Q37548455"
"Laguerre","https://www.wikidata.org/entity/Q21508748"
"Lambillotte","https://www.wikidata.org/entity/Q107453186"
"Lanchester","https://www.wikidata.org/entity/Q37445818"
"Landolt","https://www.wikidata.org/entity/Q1611094"
"Lang","https://www.wikidata.org/entity/Q16871816"
"Lange","https://www.wikidata.org/entity/Q16102227"
"Langer","https://www.wikidata.org/entity/Q1272686"
"Langstrom","https://www.wikidata.org/entity/Q31295366"
"Lapin","https://www.wikidata.org/entity/Q21489146"
"Larbalestier","https://www.wikidata.org/entity/Q30669074"
"Larin","https://www.wikidata.org/entity/Q25114393"
"Larionov","https://www.wikidata.org/entity/Q42848986"
"Larson","https://www.wikidata.org/entity/Q16871867"
"Lauer","https://www.wikidata.org/entity/Q28150821"
"Laurioux","https://www.wikidata.org/entity/Q65108042"
"Laval","https://www.wikidata.org/entity/Q23072571"
"Lavrik","https://www.wikidata.org/entity/Q119690651"
"Lavrov","https://www.wikidata.org/entity/Q21492445"
"Lawrence","https://www.wikidata.org/entity/Q1544163"
"Laws","https://www.wikidata.org/entity/Q16871935"
"Lawton","https://www.wikidata.org/entity/Q16871937"
"Lazarev","https://www.wikidata.org/entity/Q21448707"
"Lazaruk","https://www.wikidata.org/entity/Q111765259"
"Le Monnier","https://www.wikidata.org/entity/Q24779597"
"Le Père","https://www.wikidata.org/entity/Q105418199"
"Leaf","https://www.wikidata.org/entity/Q37466758"
"Lebedev","https://www.wikidata.org/entity/Q385063"
"Lebedev","https://www.wikidata.org/entity/Q83501434"
"Lebedeva","https://www.wikidata.org/entity/Q21491232"
"Lebediev","https://www.wikidata.org/entity/Q110586744"
"Lebedzew","https://www.wikidata.org/entity/Q110586685"
"Leblond","https://www.wikidata.org/entity/Q21492449"
"Lebreton","https://www.wikidata.org/entity/Q21449089"
"Lecoq","https://www.wikidata.org/entity/Q21449090"
"Ledley","https://www.wikidata.org/entity/Q37280840"
"Lefebvre","https://www.wikidata.org/entity/Q23304038"
"Lehmkuhl","https://www.wikidata.org/entity/Q21492458"
"Lehners","https://www.wikidata.org/entity/Q83495960"
"Leibundgut","https://www.wikidata.org/entity/Q76411569"
"Leier","https://www.wikidata.org/entity/Q27207685"
"Lejay","https://www.wikidata.org/entity/Q106358329"
"Leley","https://www.wikidata.org/entity/Q137832285"
"Lemm","https://www.wikidata.org/entity/Q20997171"
"Lemoine","https://www.wikidata.org/entity/Q21450643"
"Leonov","https://www.wikidata.org/entity/Q21491279"
"Leontyev","https://www.wikidata.org/entity/Q639901"
"Lepschy","https://www.wikidata.org/entity/Q42865171"
"Leski","https://www.wikidata.org/entity/Q37519813"
"Lethbridge","https://www.wikidata.org/entity/Q16872081"
"Leung","https://www.wikidata.org/entity/Q37110113"
"Levaneuski","https://www.wikidata.org/entity/Q111376441"
"Levi","https://www.wikidata.org/entity/Q16458527"
"Levi-Montalcini","https://www.wikidata.org/entity/Q122018075"
"Levin","https://www.wikidata.org/entity/Q48874254"
"Levitsky","https://www.wikidata.org/entity/Q40199847"
"Levy","https://www.wikidata.org/entity/Q14626636"
"Lewandowski","https://www.wikidata.org/entity/Q21494292"
"Lewis","https://www.wikidata.org/entity/Q426463"
"Lewoniewski","https://www.wikidata.org/entity/Q137190614"
"Li","https://www.wikidata.org/entity/Q10910874"
"Li","https://www.wikidata.org/entity/Q19012407"
"Liang","https://www.wikidata.org/entity/Q13391233"
"Liberman","https://www.wikidata.org/entity/Q47536528"
"Licklider","https://www.wikidata.org/entity/Q29555400"
"Light","https://www.wikidata.org/entity/Q3186357"
"Lightman","https://www.wikidata.org/entity/Q21509575"
"Lileyev","https://www.wikidata.org/entity/Q21126745"
"Lilienthal","https://www.wikidata.org/entity/Q16872157"
"Lill","https://www.wikidata.org/entity/Q6547928"
"Lillie","https://www.wikidata.org/entity/Q26235099"
"Lindenberg","https://www.wikidata.org/entity/Q28745184"
"Linkyevich","https://www.wikidata.org/entity/Q27132138"
"Linth","https://www.wikidata.org/entity/Q65943427"
"Liouville","https://www.wikidata.org/entity/Q62703894"
"Lipatov","https://www.wikidata.org/entity/Q772029"
"Lipiński","https://www.wikidata.org/entity/Q27869237"
"Lipschitz","https://www.wikidata.org/entity/Q37305762"
"Lisiecki","https://www.wikidata.org/entity/Q27876480"
"Lissauer","https://www.wikidata.org/entity/Q21449027"
"List","https://www.wikidata.org/entity/Q1828075"
"Liushyts","https://www.wikidata.org/entity/Q32910617"
"Lobato","https://www.wikidata.org/entity/Q21494320"
"Locatelli","https://www.wikidata.org/entity/Q3835981"
"Locke","https://www.wikidata.org/entity/Q16872404"
"Loewe","https://www.wikidata.org/entity/Q15614889"
"Loginov","https://www.wikidata.org/entity/Q50214841"
"Logue","https://www.wikidata.org/entity/Q56244502"
"Logunov","https://www.wikidata.org/entity/Q21492572"
"Lomakin","https://www.wikidata.org/entity/Q21448158"
"Lomonosov","https://www.wikidata.org/entity/Q23137538"
"Longchambon","https://www.wikidata.org/entity/Q16861251"
"Lopatin","https://www.wikidata.org/entity/Q4266598"
"Lorentzen","https://www.wikidata.org/entity/Q23070997"
"Lorenz","https://www.wikidata.org/entity/Q1870035"
"Loring","https://www.wikidata.org/entity/Q16872487"
"Lotze","https://www.wikidata.org/entity/Q37045310"
"Lovelock","https://www.wikidata.org/entity/Q16872539"
"Lown","https://www.wikidata.org/entity/Q37221936"
"Łozowski","https://www.wikidata.org/entity/Q64781601"
"Lucas","https://www.wikidata.org/entity/Q1873014"
"Luebbers","https://www.wikidata.org/entity/Q37003875"
"Lugo","https://www.wikidata.org/entity/Q16875942"
"Lukin","https://www.wikidata.org/entity/Q28753122"
"Lunev","https://www.wikidata.org/entity/Q4269572"
"Lunin","https://www.wikidata.org/entity/Q16672443"
"Lunts","https://www.wikidata.org/entity/Q138841304"
"Luo","https://www.wikidata.org/entity/Q17062529"
"Luo","https://www.wikidata.org/entity/Q717763"
"Lurie","https://www.wikidata.org/entity/Q21449048"
"Lurye","https://www.wikidata.org/entity/Q37266169"
"Lusverg","https://www.wikidata.org/entity/Q99661385"
"Luzhkov","https://www.wikidata.org/entity/Q25113623"
"Lyon","https://www.wikidata.org/entity/Q30102635"
"Lyons","https://www.wikidata.org/entity/Q16931637"
"Lyovin","https://www.wikidata.org/entity/Q4272896"
"Macredie","https://www.wikidata.org/entity/Q123531882"
"Maddem","https://www.wikidata.org/entity/Q99981500"
"Madsen","https://www.wikidata.org/entity/Q16876242"
"Maestrini","https://www.wikidata.org/entity/Q55644166"
"Maev","https://www.wikidata.org/entity/Q104980415"
"Magomedow","https://www.wikidata.org/entity/Q21510843"
"Mahoney","https://www.wikidata.org/entity/Q21487933"
"Mailybaev","https://www.wikidata.org/entity/Q141323194"
"Mair","https://www.wikidata.org/entity/Q15457173"
"Majer","https://www.wikidata.org/entity/Q20519340"
"Majewski","https://www.wikidata.org/entity/Q21449061"
"Makarov","https://www.wikidata.org/entity/Q48596347"
"Makeyev","https://www.wikidata.org/entity/Q4275650"
"Maklakov","https://www.wikidata.org/entity/Q124991830"
"Maksimović","https://www.wikidata.org/entity/Q21500572"
"Maksymovych","https://www.wikidata.org/entity/Q102442419"
"Mala","https://www.wikidata.org/entity/Q37460607"
"Małachowski","https://www.wikidata.org/entity/Q27941968"
"Malagamba","https://www.wikidata.org/entity/Q108281127"
"Malakhov","https://www.wikidata.org/entity/Q21491812"
"Malashko","https://www.wikidata.org/entity/Q131757151"
"Malfatti","https://www.wikidata.org/entity/Q21449063"
"Malina","https://www.wikidata.org/entity/Q15042967"
"Malinin","https://www.wikidata.org/entity/Q12795584"
"Malkov","https://www.wikidata.org/entity/Q4278014"
"Malov","https://www.wikidata.org/entity/Q12795594"
"Malyshev","https://www.wikidata.org/entity/Q20519412"
"Mamedov","https://www.wikidata.org/entity/Q16876339"
"Mamin","https://www.wikidata.org/entity/Q57909780"
"Mammadaliyev","https://www.wikidata.org/entity/Q114701611"
"Mammadov","https://www.wikidata.org/entity/Q247200"
"Mamontov","https://www.wikidata.org/entity/Q358152"
"Manabe","https://www.wikidata.org/entity/Q39246627"
"Mandelbrot","https://www.wikidata.org/entity/Q56245526"
"Mani","https://www.wikidata.org/entity/Q37453583"
"Mańkowski","https://www.wikidata.org/entity/Q26301325"
"Mansfield","https://www.wikidata.org/entity/Q16876392"
"Manthe","https://www.wikidata.org/entity/Q37552926"
"Manzetti","https://www.wikidata.org/entity/Q101017090"
"Manzoli","https://www.wikidata.org/entity/Q63283752"
"Maraini","https://www.wikidata.org/entity/Q1668248"
"Marakhov","https://www.wikidata.org/entity/Q85862669"
"Marcel","https://www.wikidata.org/entity/Q17770080"
"Marchuk","https://www.wikidata.org/entity/Q21494142"
"Marcinkiewicz","https://www.wikidata.org/entity/Q21494099"
"Marconi","https://www.wikidata.org/entity/Q15141941"
"Marcus","https://www.wikidata.org/entity/Q24428260"
"Marek","https://www.wikidata.org/entity/Q1894550"
"Marey","https://www.wikidata.org/entity/Q65109880"
"Margelov","https://www.wikidata.org/entity/Q914629"
"Margolis","https://www.wikidata.org/entity/Q21511559"
"Mariéjol","https://www.wikidata.org/entity/Q105612712"
"Marini","https://www.wikidata.org/entity/Q21491363"
"Marinkelle","https://www.wikidata.org/entity/Q74179189"
"Markiewicz","https://www.wikidata.org/entity/Q21511598"
"Markov","https://www.wikidata.org/entity/Q21492391"
"Marois","https://www.wikidata.org/entity/Q37243035"
"Marshall","https://www.wikidata.org/entity/Q12795967"
"Martinez","https://www.wikidata.org/entity/Q28812761"
"Martus","https://www.wikidata.org/entity/Q37548969"
"Martynov","https://www.wikidata.org/entity/Q16876497"
"Maskelyne","https://www.wikidata.org/entity/Q21492050"
"Maslov","https://www.wikidata.org/entity/Q21449643"
"Maslovsky","https://www.wikidata.org/entity/Q6783469"
"Masood","https://www.wikidata.org/entity/Q37489382"
"Matignon","https://www.wikidata.org/entity/Q30669641"
"Matsumoto","https://www.wikidata.org/entity/Q19939021"
"Matsumura","https://www.wikidata.org/entity/Q23305511"
"Matsuo","https://www.wikidata.org/entity/Q24090443"
"Matsuoka","https://www.wikidata.org/entity/Q24090482"
"Matsuura","https://www.wikidata.org/entity/Q16876556"
"Matthews","https://www.wikidata.org/entity/Q1158535"
"Matveyev","https://www.wikidata.org/entity/Q12796187"
"Matveyeva","https://www.wikidata.org/entity/Q110857451"
"Maurelli","https://www.wikidata.org/entity/Q101017372"
"Mayer","https://www.wikidata.org/entity/Q13725587"
"Mayne","https://www.wikidata.org/entity/Q21452065"
"Mazhytov","https://www.wikidata.org/entity/Q125504505"
"Mazumdar-Shaw","https://www.wikidata.org/entity/Q120690432"
"Mazurov","https://www.wikidata.org/entity/Q24085144"
"Mboup","https://www.wikidata.org/entity/Q37525225"
"McAulay","https://www.wikidata.org/entity/Q37528515"
"McAuliffe","https://www.wikidata.org/entity/Q4275961"
"McClintock","https://www.wikidata.org/entity/Q24953220"
"McClung","https://www.wikidata.org/entity/Q976645"
"McCormick","https://www.wikidata.org/entity/Q15224082"
"McEachron","https://www.wikidata.org/entity/Q16872598"
"McGrath","https://www.wikidata.org/entity/Q27365901"
"McGraw","https://www.wikidata.org/entity/Q16876688"
"McKubre","https://www.wikidata.org/entity/Q105078249"
"McLellan","https://www.wikidata.org/entity/Q1915283"
"McSweeney","https://www.wikidata.org/entity/Q28811788"
"Méda","https://www.wikidata.org/entity/Q56289466"
"Medvedev","https://www.wikidata.org/entity/Q12796309"
"Mehdiyev","https://www.wikidata.org/entity/Q25391037"
"Meier","https://www.wikidata.org/entity/Q6582006"
"Meinander","https://www.wikidata.org/entity/Q28149659"
"Meissas","https://www.wikidata.org/entity/Q89161851"
"Melamed","https://www.wikidata.org/entity/Q6585563"
"Mélançon","https://www.wikidata.org/entity/Q63395763"
"Melentyev","https://www.wikidata.org/entity/Q62470498"
"Melnik","https://www.wikidata.org/entity/Q109921627"
"Melnikov","https://www.wikidata.org/entity/Q21509770"
"Menabrea","https://www.wikidata.org/entity/Q55087829"
"Mendonça","https://www.wikidata.org/entity/Q21504824"
"Menzel","https://www.wikidata.org/entity/Q21512137"
"Mercator","https://www.wikidata.org/entity/Q83372750"
"Mercer","https://www.wikidata.org/entity/Q16876828"
"Mérieux","https://www.wikidata.org/entity/Q63139029"
"Merriam","https://www.wikidata.org/entity/Q29573222"
"Merrill","https://www.wikidata.org/entity/Q16876847"
"Merriman","https://www.wikidata.org/entity/Q29573224"
"Merritt","https://www.wikidata.org/entity/Q4291143"
"Merta","https://www.wikidata.org/entity/Q37557579"
"Metzner","https://www.wikidata.org/entity/Q15728846"
"Meyer","https://www.wikidata.org/entity/Q46767"
"Mignucci","https://www.wikidata.org/entity/Q101041033"
"Mikulecký","https://www.wikidata.org/entity/Q50309066"
"Millás","https://www.wikidata.org/entity/Q110514618"
"Miller","https://www.wikidata.org/entity/Q1605060"
"Mira","https://www.wikidata.org/entity/Q16877201"
"Miroshnychenko","https://www.wikidata.org/entity/Q12796848"
"Mitchell","https://www.wikidata.org/entity/Q179205"
"Mitrofanov","https://www.wikidata.org/entity/Q1216476"
"Mitscherlich","https://www.wikidata.org/entity/Q21512199"
"Mittag-Leffler","https://www.wikidata.org/entity/Q42098218"
"Moav","https://www.wikidata.org/entity/Q135418027"
"Möbius","https://www.wikidata.org/entity/Q28745176"
"Mock","https://www.wikidata.org/entity/Q16877273"
"Mogi","https://www.wikidata.org/entity/Q26203236"
"Molitor","https://www.wikidata.org/entity/Q16877309"
"Moll","https://www.wikidata.org/entity/Q1943547"
"Molokin","https://www.wikidata.org/entity/Q79389510"
"Montanus","https://www.wikidata.org/entity/Q37455791"
"Montucla","https://www.wikidata.org/entity/Q117828828"
"Monzino","https://www.wikidata.org/entity/Q124140673"
"Moore","https://www.wikidata.org/entity/Q10588869"
"Morata","https://www.wikidata.org/entity/Q6023540"
"Morawski","https://www.wikidata.org/entity/Q21449198"
"Morden","https://www.wikidata.org/entity/Q37238615"
"Moreno","https://www.wikidata.org/entity/Q10613677"
"Mori","https://www.wikidata.org/entity/Q26000622"
"Morin","https://www.wikidata.org/entity/Q21449200"
"Morozova","https://www.wikidata.org/entity/Q21491542"
"Moskal","https://www.wikidata.org/entity/Q11785725"
"Mossa","https://www.wikidata.org/entity/Q37270404"
"Mota","https://www.wikidata.org/entity/Q16877462"
"Moulin","https://www.wikidata.org/entity/Q20997408"
"Mounib","https://www.wikidata.org/entity/Q123848366"
"Mouton","https://www.wikidata.org/entity/Q21507928"
"Mudge","https://www.wikidata.org/entity/Q21492670"
"Muller","https://www.wikidata.org/entity/Q15042891"
"Müller","https://www.wikidata.org/entity/Q8157228"
"Mumford","https://www.wikidata.org/entity/Q16877603"
"Muraki","https://www.wikidata.org/entity/Q39256266"
"Murayama","https://www.wikidata.org/entity/Q24091131"
"Murphy","https://www.wikidata.org/entity/Q1953798"
"Murray","https://www.wikidata.org/entity/Q1308329"
"Mutolo","https://www.wikidata.org/entity/Q99910472"
"Myhrvold","https://www.wikidata.org/entity/Q27889284"
"Nabel","https://www.wikidata.org/entity/Q119473055"
"Nabiyev","https://www.wikidata.org/entity/Q4311206"
"Nachtsheim","https://www.wikidata.org/entity/Q37565925"
"Nadezhdin","https://www.wikidata.org/entity/Q4311877"
"Nadiradze","https://www.wikidata.org/entity/Q56539994"
"Nagai","https://www.wikidata.org/entity/Q24090481"
"Naitō","https://www.wikidata.org/entity/Q24090508"
"Nałęcz","https://www.wikidata.org/entity/Q64767627"
"Nath","https://www.wikidata.org/entity/Q25114833"
"Naydyonov","https://www.wikidata.org/entity/Q10000765"
"Nazarov","https://www.wikidata.org/entity/Q21488081"
"Neirynck","https://www.wikidata.org/entity/Q65111335"
"Nelson","https://www.wikidata.org/entity/Q2782528"
"Němec","https://www.wikidata.org/entity/Q16520805"
"Nemirovsky","https://www.wikidata.org/entity/Q37556649"
"Neuberger","https://www.wikidata.org/entity/Q120050"
"Neuffer","https://www.wikidata.org/entity/Q21513064"
"Neumann","https://www.wikidata.org/entity/Q21502212"
"Neuvonen","https://www.wikidata.org/entity/Q27891231"
"Newton","https://www.wikidata.org/entity/Q1469854"
"Neylon","https://www.wikidata.org/entity/Q16933493"
"Nicholas","https://www.wikidata.org/entity/Q18070771"
"Nicholson","https://www.wikidata.org/entity/Q16878076"
"Nickerson","https://www.wikidata.org/entity/Q37551898"
"Nicolaidis","https://www.wikidata.org/entity/Q36950862"
"Niederhauser","https://www.wikidata.org/entity/Q37515935"
"Nielsen","https://www.wikidata.org/entity/Q16511256"
"Nieto","https://www.wikidata.org/entity/Q20963719"
"Niino","https://www.wikidata.org/entity/Q51845744"
"Nikitenko","https://www.wikidata.org/entity/Q12797465"
"Nikolayev","https://www.wikidata.org/entity/Q7036369"
"Nilsson","https://www.wikidata.org/entity/Q15829860"
"Nimmo","https://www.wikidata.org/entity/Q16880431"
"Nirenberg","https://www.wikidata.org/entity/Q21513071"
"Nitsch","https://www.wikidata.org/entity/Q36884947"
"Nitta","https://www.wikidata.org/entity/Q19961205"
"Nitzsch","https://www.wikidata.org/entity/Q21449231"
"Njøs","https://www.wikidata.org/entity/Q30322747"
"Noack","https://www.wikidata.org/entity/Q21497034"
"Nobel","https://www.wikidata.org/entity/Q36341833"
"Noble","https://www.wikidata.org/entity/Q15733778"
"Noether","https://www.wikidata.org/entity/Q21507709"
"Nolan","https://www.wikidata.org/entity/Q20900701"
"Nolte","https://www.wikidata.org/entity/Q21509903"
"Nomura","https://www.wikidata.org/entity/Q21449594"
"Norodom","https://www.wikidata.org/entity/Q24196175"
"Northrop","https://www.wikidata.org/entity/Q29570651"
"Norton","https://www.wikidata.org/entity/Q2790265"
"Nowik","https://www.wikidata.org/entity/Q37165499"
"Nualart","https://www.wikidata.org/entity/Q75180932"
"Nugis","https://www.wikidata.org/entity/Q47014636"
"Núñez","https://www.wikidata.org/entity/Q12667104"
"Nuytten","https://www.wikidata.org/entity/Q65111529"
"O'Connell","https://www.wikidata.org/entity/Q16880650"
"O'Leary","https://www.wikidata.org/entity/Q21513338"
"O'Neil","https://www.wikidata.org/entity/Q1705356"
"Obruchev","https://www.wikidata.org/entity/Q125630410"
"Obukhov","https://www.wikidata.org/entity/Q18128903"
"Ochoa","https://www.wikidata.org/entity/Q5395941"
"Odisharia","https://www.wikidata.org/entity/Q135397664"
"Ogilvie","https://www.wikidata.org/entity/Q42967802"
"Okada","https://www.wikidata.org/entity/Q449508"
"Okamoto","https://www.wikidata.org/entity/Q24090405"
"Olkhovsky","https://www.wikidata.org/entity/Q100286769"
"Olsen","https://www.wikidata.org/entity/Q12042571"
"Onozaki","https://www.wikidata.org/entity/Q51845758"
"Oorzhak","https://www.wikidata.org/entity/Q124487140"
"Öpik","https://www.wikidata.org/entity/Q16880760"
"Opitz","https://www.wikidata.org/entity/Q21482825"
"Oppenheimer","https://www.wikidata.org/entity/Q21431219"
"Oragvelidze","https://www.wikidata.org/entity/Q134838874"
"Orem","https://www.wikidata.org/entity/Q37481232"
"Orff","https://www.wikidata.org/entity/Q37120389"
"Orlov","https://www.wikidata.org/entity/Q10413286"
"Orlova","https://www.wikidata.org/entity/Q43182643"
"Orłowski","https://www.wikidata.org/entity/Q27869244"
"Ortiz de Landázuri","https://www.wikidata.org/entity/Q90176443"
"Osborn","https://www.wikidata.org/entity/Q16880804"
"Oser","https://www.wikidata.org/entity/Q21449618"
"Osipenko","https://www.wikidata.org/entity/Q12798037"
"Osipov","https://www.wikidata.org/entity/Q21451959"
"Osnovin","https://www.wikidata.org/entity/Q24958292"
"Ostapenko","https://www.wikidata.org/entity/Q347592"
"Ostapenya","https://www.wikidata.org/entity/Q55445817"
"Østergaard","https://www.wikidata.org/entity/Q21445504"
"Oswald","https://www.wikidata.org/entity/Q1260183"
"Ou","https://www.wikidata.org/entity/Q1015565"
"Ouyang","https://www.wikidata.org/entity/Q1927285"
"Owsiak","https://www.wikidata.org/entity/Q37466902"
"Oxnam","https://www.wikidata.org/entity/Q20970454"
"Oyama","https://www.wikidata.org/entity/Q27178218"
"Ozawa","https://www.wikidata.org/entity/Q26215317"
"Özsoy","https://www.wikidata.org/entity/Q21488157"
"Paatero","https://www.wikidata.org/entity/Q28149707"
"Pacheco","https://www.wikidata.org/entity/Q406181"
"Pagels","https://www.wikidata.org/entity/Q37129068"
"Pak","https://www.wikidata.org/entity/Q12798235"
"Palczewski","https://www.wikidata.org/entity/Q27890654"
"Palkin","https://www.wikidata.org/entity/Q111908488"
"Palmer","https://www.wikidata.org/entity/Q568872"
"Paludan","https://www.wikidata.org/entity/Q21494572"
"Panchenko","https://www.wikidata.org/entity/Q21513355"
"Pandya","https://www.wikidata.org/entity/Q15713117"
"Pango","https://www.wikidata.org/entity/Q116526649"
"Panin","https://www.wikidata.org/entity/Q21502178"
"Pankratov","https://www.wikidata.org/entity/Q21510688"
"Panov","https://www.wikidata.org/entity/Q12798278"
"Paoletti","https://www.wikidata.org/entity/Q37498678"
"Papazov","https://www.wikidata.org/entity/Q136705171"
"Parczewski","https://www.wikidata.org/entity/Q65539954"
"Pardi","https://www.wikidata.org/entity/Q37036073"
"Parfyonov","https://www.wikidata.org/entity/Q4346197"
"Pariset","https://www.wikidata.org/entity/Q65111782"
"Parker","https://www.wikidata.org/entity/Q1628041"
"Parkhomenko","https://www.wikidata.org/entity/Q12798314"
"Parkin","https://www.wikidata.org/entity/Q21504805"
"Parnas","https://www.wikidata.org/entity/Q37526606"
"Passek","https://www.wikidata.org/entity/Q95138598"
"Pastorek","https://www.wikidata.org/entity/Q12043910"
"Patel","https://www.wikidata.org/entity/Q35571410"
"Paul","https://www.wikidata.org/entity/Q12668666"
"Paulsen","https://www.wikidata.org/entity/Q780747"
"Pavlenko","https://www.wikidata.org/entity/Q4341333"
"Pavlov","https://www.wikidata.org/entity/Q10627079"
"Pavlovets","https://www.wikidata.org/entity/Q50652965"
"Pavlovsky","https://www.wikidata.org/entity/Q12798464"
"Peacock","https://www.wikidata.org/entity/Q7157731"
"Peale","https://www.wikidata.org/entity/Q36874081"
"Pearson","https://www.wikidata.org/entity/Q2065931"
"Peeters","https://www.wikidata.org/entity/Q21451107"
"Pei","https://www.wikidata.org/entity/Q13220142"
"Penfield","https://www.wikidata.org/entity/Q37517867"
"Pepper","https://www.wikidata.org/entity/Q16881110"
"Peres","https://www.wikidata.org/entity/Q21449104"
"Perez","https://www.wikidata.org/entity/Q37453974"
"Perkins","https://www.wikidata.org/entity/Q2071244"
"Perov","https://www.wikidata.org/entity/Q23928124"
"Perrier","https://www.wikidata.org/entity/Q21448963"
"Perrineau","https://www.wikidata.org/entity/Q87848184"
"Perroncito","https://www.wikidata.org/entity/Q16820252"
"Perry","https://www.wikidata.org/entity/Q2793334"
"Pertsev","https://www.wikidata.org/entity/Q134213351"
"Peshekhonov","https://www.wikidata.org/entity/Q4362164"
"Péter","https://www.wikidata.org/entity/Q87885985"
"Peters","https://www.wikidata.org/entity/Q2079518"
"Petrakov","https://www.wikidata.org/entity/Q43172504"
"Petrenko","https://www.wikidata.org/entity/Q21452636"
"Petrikov","https://www.wikidata.org/entity/Q112066134"
"Petrini","https://www.wikidata.org/entity/Q30272610"
"Petrov","https://www.wikidata.org/entity/Q2080805"
"Petrović","https://www.wikidata.org/entity/Q21506911"
"Petukhov","https://www.wikidata.org/entity/Q39727887"
"Piątkowski","https://www.wikidata.org/entity/Q50370696"
"Pickering","https://www.wikidata.org/entity/Q11213243"
"Piekarski","https://www.wikidata.org/entity/Q7191596"
"Pierce","https://www.wikidata.org/entity/Q14921982"
"Pietschmann","https://www.wikidata.org/entity/Q105536981"
"Pignatelli","https://www.wikidata.org/entity/Q20997623"
"Pileni","https://www.wikidata.org/entity/Q106549364"
"Pilkington","https://www.wikidata.org/entity/Q1640958"
"Pincus","https://www.wikidata.org/entity/Q37533706"
"Pinsky","https://www.wikidata.org/entity/Q21453237"
"Pinter","https://www.wikidata.org/entity/Q21450479"
"Pipia","https://www.wikidata.org/entity/Q134839029"
"Piriyev","https://www.wikidata.org/entity/Q127500800"
"Pirogov","https://www.wikidata.org/entity/Q21507898"
"Pirquet","https://www.wikidata.org/entity/Q53308065"
"Pistohlkors","https://www.wikidata.org/entity/Q55644325"
"Pitaro","https://www.wikidata.org/entity/Q37239322"
"Plakhov","https://www.wikidata.org/entity/Q95072552"
"Plaksin","https://www.wikidata.org/entity/Q56540278"
"Planck","https://www.wikidata.org/entity/Q47516218"
"Platonov","https://www.wikidata.org/entity/Q21492130"
"Plenković","https://www.wikidata.org/entity/Q64160618"
"Plewa","https://www.wikidata.org/entity/Q37239765"
"Pobedonostsev","https://www.wikidata.org/entity/Q109932670"
"Podbolotov","https://www.wikidata.org/entity/Q24955299"
"Podgorny","https://www.wikidata.org/entity/Q37555722"
"Poghossian","https://www.wikidata.org/entity/Q21510765"
"Pokrovskaya","https://www.wikidata.org/entity/Q125554219"
"Pokrovsky","https://www.wikidata.org/entity/Q12799093"
"Polak","https://www.wikidata.org/entity/Q16881304"
"Pollert","https://www.wikidata.org/entity/Q18629918"
"Polunin","https://www.wikidata.org/entity/Q21452661"
"Polyakov","https://www.wikidata.org/entity/Q16686959"
"Polyanskiy","https://www.wikidata.org/entity/Q111770096"
"Polyanskov","https://www.wikidata.org/entity/Q24955879"
"Polynov","https://www.wikidata.org/entity/Q24953845"
"Polzunov","https://www.wikidata.org/entity/Q61421327"
"Pomianek","https://www.wikidata.org/entity/Q118067603"
"Ponce","https://www.wikidata.org/entity/Q16881332"
"Ponomaryov","https://www.wikidata.org/entity/Q12799207"
"Pontecorvo","https://www.wikidata.org/entity/Q37264290"
"Popescu","https://www.wikidata.org/entity/Q21487805"
"Popkov","https://www.wikidata.org/entity/Q21431144"
"Popov","https://www.wikidata.org/entity/Q4372638"
"Popović","https://www.wikidata.org/entity/Q12757606"
"Posch","https://www.wikidata.org/entity/Q37512903"
"Pospelov","https://www.wikidata.org/entity/Q4374119"
"Potapov","https://www.wikidata.org/entity/Q12799276"
"Potapova","https://www.wikidata.org/entity/Q122842109"
"Potemkin","https://www.wikidata.org/entity/Q23139943"
"Potter","https://www.wikidata.org/entity/Q2106585"
"Potts","https://www.wikidata.org/entity/Q21450795"
"Poulsen","https://www.wikidata.org/entity/Q1434084"
"Pozdnyakov","https://www.wikidata.org/entity/Q1554955"
"Prader","https://www.wikidata.org/entity/Q37531299"
"Prechtl","https://www.wikidata.org/entity/Q37533870"
"Prengel","https://www.wikidata.org/entity/Q99133540"
"Preobrazhensky","https://www.wikidata.org/entity/Q12799446"
"Pretorius","https://www.wikidata.org/entity/Q37013332"
"Price","https://www.wikidata.org/entity/Q21242872"
"Pringle","https://www.wikidata.org/entity/Q21428216"
"Prokhorov","https://www.wikidata.org/entity/Q21449493"
"Prokofiev","https://www.wikidata.org/entity/Q16881455"
"Pronin","https://www.wikidata.org/entity/Q12799590"
"Propper","https://www.wikidata.org/entity/Q37031172"
"Proskuryakov","https://www.wikidata.org/entity/Q124306507"
"Prusakov","https://www.wikidata.org/entity/Q4382564"
"Pruzan","https://www.wikidata.org/entity/Q37560776"
"Przyjałkowska","https://www.wikidata.org/entity/Q111784281"
"Pucci","https://www.wikidata.org/entity/Q56244015"
"Puccinelli","https://www.wikidata.org/entity/Q25125943"
"Puchkov","https://www.wikidata.org/entity/Q21507735"
"Pugachyov","https://www.wikidata.org/entity/Q112066415"
"Pugh","https://www.wikidata.org/entity/Q21507730"
"Puljak","https://www.wikidata.org/entity/Q79002248"
"Pumpyansky","https://www.wikidata.org/entity/Q10000291"
"Pupulin","https://www.wikidata.org/entity/Q111033870"
"Pushkaryov","https://www.wikidata.org/entity/Q21510773"
"Puska","https://www.wikidata.org/entity/Q36861435"
"Pustejovsky","https://www.wikidata.org/entity/Q37472917"
"Pustilnik","https://www.wikidata.org/entity/Q4383975"
"Pyatrow","https://www.wikidata.org/entity/Q56379623"
"Pysarenko","https://www.wikidata.org/entity/Q112791648"
"Qafarov","https://www.wikidata.org/entity/Q124480684"
"Qaroqulov","https://www.wikidata.org/entity/Q136557862"
"Qian","https://www.wikidata.org/entity/Q2541846"
"Qiu","https://www.wikidata.org/entity/Q16934544"
"Quagliariello","https://www.wikidata.org/entity/Q37141301"
"Quandt","https://www.wikidata.org/entity/Q21452253"
"Què","https://www.wikidata.org/entity/Q4506487"
"Quéau","https://www.wikidata.org/entity/Q87992180"
"Quick","https://www.wikidata.org/entity/Q18331466"
"Quimby","https://www.wikidata.org/entity/Q7272046"
"Quinn","https://www.wikidata.org/entity/Q2123241"
"Quintana","https://www.wikidata.org/entity/Q31018696"
"Quintanilha","https://www.wikidata.org/entity/Q111325936"
"Quliyev","https://www.wikidata.org/entity/Q123036306"
"Raab","https://www.wikidata.org/entity/Q2124778"
"Rabinovich","https://www.wikidata.org/entity/Q12799717"
"Rahm","https://www.wikidata.org/entity/Q21450425"
"Rahn","https://www.wikidata.org/entity/Q28745067"
"Rainssant","https://www.wikidata.org/entity/Q139986430"
"Rakhimov","https://www.wikidata.org/entity/Q4391071"
"Rakitin","https://www.wikidata.org/entity/Q112873468"
"Rakovsky","https://www.wikidata.org/entity/Q21493840"
"Rakovszky","https://www.wikidata.org/entity/Q97823108"
"Ramina","https://www.wikidata.org/entity/Q120761446"
"Ramirez","https://www.wikidata.org/entity/Q27902606"
"Rammelmeyer","https://www.wikidata.org/entity/Q122811489"
"Ranadive","https://www.wikidata.org/entity/Q30668921"
"Rand","https://www.wikidata.org/entity/Q16881853"
"Ranganathan","https://www.wikidata.org/entity/Q37260301"
"Rantzau","https://www.wikidata.org/entity/Q21506781"
"Rao","https://www.wikidata.org/entity/Q3365064"
"Raposo","https://www.wikidata.org/entity/Q30307582"
"Raskin","https://www.wikidata.org/entity/Q12799901"
"Rastelli","https://www.wikidata.org/entity/Q37028198"
"Rastorguyev","https://www.wikidata.org/entity/Q20519185"
"Rawicz","https://www.wikidata.org/entity/Q16881899"
"Raymond","https://www.wikidata.org/entity/Q2134042"
"Razgon","https://www.wikidata.org/entity/Q138702408"
"Reagon","https://www.wikidata.org/entity/Q19927809"
"Rebek","https://www.wikidata.org/entity/Q12800006"
"Rebrov","https://www.wikidata.org/entity/Q12800013"
"Redi","https://www.wikidata.org/entity/Q95979944"
"Redtenbacher","https://www.wikidata.org/entity/Q21454739"
"Reed","https://www.wikidata.org/entity/Q2136484"
"Reichard","https://www.wikidata.org/entity/Q36981482"
"Reilly","https://www.wikidata.org/entity/Q25114607"
"Rein","https://www.wikidata.org/entity/Q25521651"
"Reinicke","https://www.wikidata.org/entity/Q37441098"
"Reis","https://www.wikidata.org/entity/Q20716247"
"Reisinger","https://www.wikidata.org/entity/Q37429461"
"Reisman","https://www.wikidata.org/entity/Q1900351"
"Reitzel","https://www.wikidata.org/entity/Q37148082"
"Rémy","https://www.wikidata.org/entity/Q24698849"
"Repin","https://www.wikidata.org/entity/Q12800107"
"Reshetov","https://www.wikidata.org/entity/Q4394102"
"Resnick","https://www.wikidata.org/entity/Q30526509"
"Ress","https://www.wikidata.org/entity/Q37084549"
"Reye","https://www.wikidata.org/entity/Q37515424"
"Ribbentrop","https://www.wikidata.org/entity/Q21511884"
"Ribeiro","https://www.wikidata.org/entity/Q21452666"
"Ricchiuti","https://www.wikidata.org/entity/Q25341410"
"Richard","https://www.wikidata.org/entity/Q10862233"
"Richards","https://www.wikidata.org/entity/Q608991"
"Richardson","https://www.wikidata.org/entity/Q1479191"
"Riche","https://www.wikidata.org/entity/Q21507992"
"Richter","https://www.wikidata.org/entity/Q2798180"
"Richterová","https://www.wikidata.org/entity/Q106113546"
"Rickman","https://www.wikidata.org/entity/Q21509857"
"Riess","https://www.wikidata.org/entity/Q53588476"
"Rife","https://www.wikidata.org/entity/Q7333219"
"Rigotti","https://www.wikidata.org/entity/Q28404140"
"Rillieux","https://www.wikidata.org/entity/Q110521008"
"Ripa","https://www.wikidata.org/entity/Q37447214"
"Ristow","https://www.wikidata.org/entity/Q27259123"
"Ritter","https://www.wikidata.org/entity/Q1158333"
"Rittinger","https://www.wikidata.org/entity/Q37006631"
"Rittmeister","https://www.wikidata.org/entity/Q116189863"
"Rivest","https://www.wikidata.org/entity/Q37484534"
"Roberts","https://www.wikidata.org/entity/Q1646493"
"Robins","https://www.wikidata.org/entity/Q28157148"
"Robinson","https://www.wikidata.org/entity/Q2798428"
"Rochex","https://www.wikidata.org/entity/Q105128688"
"Röckner","https://www.wikidata.org/entity/Q111009554"
"Roco","https://www.wikidata.org/entity/Q37479395"
"Rodney","https://www.wikidata.org/entity/Q37546724"
"Rodríguez","https://www.wikidata.org/entity/Q1654058"
"Roeder","https://www.wikidata.org/entity/Q21482547"
"Rogers","https://www.wikidata.org/entity/Q16471355"
"Rohr","https://www.wikidata.org/entity/Q16882196"
"Romanov","https://www.wikidata.org/entity/Q10854295"
"Rooks","https://www.wikidata.org/entity/Q37114612"
"Roșca","https://www.wikidata.org/entity/Q1542018"
"Rose","https://www.wikidata.org/entity/Q1724227"
"Rosenberger","https://www.wikidata.org/entity/Q21449958"
"Rosenstrauch","https://www.wikidata.org/entity/Q37491381"
"Rosling","https://www.wikidata.org/entity/Q37108376"
"Ross","https://www.wikidata.org/entity/Q908629"
"Rossmann","https://www.wikidata.org/entity/Q7369893"
"Rothenberg","https://www.wikidata.org/entity/Q22812447"
"Rothfels","https://www.wikidata.org/entity/Q99911419"
"Rousseau","https://www.wikidata.org/entity/Q16036532"
"Rubin","https://www.wikidata.org/entity/Q12800499"
"Ruchonnet","https://www.wikidata.org/entity/Q68266571"
"Rudic","https://www.wikidata.org/entity/Q25114561"
"Ruggiero","https://www.wikidata.org/entity/Q37118925"
"Rumeu","https://www.wikidata.org/entity/Q118118352"
"Rumyantsev","https://www.wikidata.org/entity/Q21504543"
"Runkel","https://www.wikidata.org/entity/Q37499838"
"Rüppell","https://www.wikidata.org/entity/Q25796520"
"Rusakov","https://www.wikidata.org/entity/Q12800590"
"Russomano","https://www.wikidata.org/entity/Q37573269"
"Ryan","https://www.wikidata.org/entity/Q5263823"
"Rybicki","https://www.wikidata.org/entity/Q7384727"
"Ryder","https://www.wikidata.org/entity/Q16281067"
"Rylander","https://www.wikidata.org/entity/Q27877580"
"Saavedra","https://www.wikidata.org/entity/Q16882453"
"Sabatier","https://www.wikidata.org/entity/Q23995810"
"Sabin","https://www.wikidata.org/entity/Q25114876"
"Sachs","https://www.wikidata.org/entity/Q406384"
"Sachtleben","https://www.wikidata.org/entity/Q7396787"
"Safa","https://www.wikidata.org/entity/Q37431866"
"Safarov","https://www.wikidata.org/entity/Q37521251"
"Said","https://www.wikidata.org/entity/Q30124806"
"Saitō","https://www.wikidata.org/entity/Q42306803"
"Sakakibara","https://www.wikidata.org/entity/Q26157676"
"Sakurai","https://www.wikidata.org/entity/Q24090441"
"Sakurai","https://www.wikidata.org/entity/Q26438052"
"Salas","https://www.wikidata.org/entity/Q30423674"
"Salmon","https://www.wikidata.org/entity/Q16882547"
"Salsburg","https://www.wikidata.org/entity/Q37464726"
"Samaras","https://www.wikidata.org/entity/Q36946303"
"Sancar","https://www.wikidata.org/entity/Q75216722"
"Sankaran","https://www.wikidata.org/entity/Q21507361"
"Santos","https://www.wikidata.org/entity/Q4407937"
"Santos-Ocampo","https://www.wikidata.org/entity/Q98457860"
"Saprykin","https://www.wikidata.org/entity/Q4408152"
"Sargsyan","https://www.wikidata.org/entity/Q21507841"
"Sartorius","https://www.wikidata.org/entity/Q15733888"
"Sassen","https://www.wikidata.org/entity/Q36884759"
"Sassoon","https://www.wikidata.org/entity/Q21500594"
"Satō","https://www.wikidata.org/entity/Q978692"
"Savigny","https://www.wikidata.org/entity/Q24764558"
"Savonarola","https://www.wikidata.org/entity/Q110651789"
"Sawada","https://www.wikidata.org/entity/Q24090472"
"Sazonov","https://www.wikidata.org/entity/Q21497008"
"Schafer","https://www.wikidata.org/entity/Q1158468"
"Schäperclaus","https://www.wikidata.org/entity/Q130487343"
"Schedrin","https://www.wikidata.org/entity/Q21507621"
"Schenirer","https://www.wikidata.org/entity/Q99764153"
"Schering","https://www.wikidata.org/entity/Q21448939"
"Schlaepfer","https://www.wikidata.org/entity/Q36913340"
"Schlander","https://www.wikidata.org/entity/Q36933831"
"Schleicher","https://www.wikidata.org/entity/Q26211993"
"Schleidt","https://www.wikidata.org/entity/Q132171800"
"Schmidt","https://www.wikidata.org/entity/Q15240355"
"Schmitt","https://www.wikidata.org/entity/Q2246512"
"Schneider","https://www.wikidata.org/entity/Q11703653"
"Schott","https://www.wikidata.org/entity/Q297063"
"Schottky","https://www.wikidata.org/entity/Q60147112"
"Schreiner","https://www.wikidata.org/entity/Q1362756"
"Schröck","https://www.wikidata.org/entity/Q105541139"
"Schröder","https://www.wikidata.org/entity/Q11703657"
"Schroeder","https://www.wikidata.org/entity/Q28745233"
"Schröter","https://www.wikidata.org/entity/Q2250443"
"Schubert","https://www.wikidata.org/entity/Q1557438"
"Schultz","https://www.wikidata.org/entity/Q21507622"
"Schulz","https://www.wikidata.org/entity/Q15730693"
"Schwab","https://www.wikidata.org/entity/Q1466085"
"Schwartz","https://www.wikidata.org/entity/Q2253414"
"Schweig","https://www.wikidata.org/entity/Q21500731"
"Scott","https://www.wikidata.org/entity/Q12800811"
"Sears","https://www.wikidata.org/entity/Q19839066"
"Sebert","https://www.wikidata.org/entity/Q37506455"
"Seebach","https://www.wikidata.org/entity/Q36895411"
"Segbers","https://www.wikidata.org/entity/Q83381656"
"Seidel","https://www.wikidata.org/entity/Q2266504"
"Seidemann","https://www.wikidata.org/entity/Q37326641"
"Séjourné","https://www.wikidata.org/entity/Q48321517"
"Semm","https://www.wikidata.org/entity/Q37327056"
"Semyanovich","https://www.wikidata.org/entity/Q113146787"
"Senn","https://www.wikidata.org/entity/Q18523781"
"Séralini","https://www.wikidata.org/entity/Q111012080"
"Serebrov","https://www.wikidata.org/entity/Q138026951"
"Servis","https://www.wikidata.org/entity/Q36879909"
"Šešić","https://www.wikidata.org/entity/Q82519291"
"Setälä","https://www.wikidata.org/entity/Q15985215"
"Severtsov","https://www.wikidata.org/entity/Q133771054"
"Sexton","https://www.wikidata.org/entity/Q10816799"
"Seyfried","https://www.wikidata.org/entity/Q21507650"
"Sezgin","https://www.wikidata.org/entity/Q47514229"
"Shabalov","https://www.wikidata.org/entity/Q12807095"
"Shaburov","https://www.wikidata.org/entity/Q108739226"
"Shafranov","https://www.wikidata.org/entity/Q12807091"
"Shaked","https://www.wikidata.org/entity/Q2276538"
"Shakhov","https://www.wikidata.org/entity/Q21509284"
"Shamai","https://www.wikidata.org/entity/Q136500846"
"Shamma","https://www.wikidata.org/entity/Q36902535"
"Shapir","https://www.wikidata.org/entity/Q55035123"
"Shaposhnikov","https://www.wikidata.org/entity/Q21450289"
"Sharapov","https://www.wikidata.org/entity/Q4520420"
"Sharma","https://www.wikidata.org/entity/Q2277230"
"Sharonov","https://www.wikidata.org/entity/Q47537211"
"Sharshunou","https://www.wikidata.org/entity/Q28942588"
"Shaskolsky","https://www.wikidata.org/entity/Q107144570"
"Shatskikh","https://www.wikidata.org/entity/Q105594822"
"Shavrin","https://www.wikidata.org/entity/Q141077001"
"Shaw","https://www.wikidata.org/entity/Q7491146"
"Shcherbakov","https://www.wikidata.org/entity/Q21448128"
"Shcherbatykh","https://www.wikidata.org/entity/Q4528893"
"Shchukin","https://www.wikidata.org/entity/Q21491217"
"Shekhovtsov","https://www.wikidata.org/entity/Q21509287"
"Shekhter","https://www.wikidata.org/entity/Q37038521"
"Shemyakin","https://www.wikidata.org/entity/Q95149381"
"Shen","https://www.wikidata.org/entity/Q911493"
"Shestakov","https://www.wikidata.org/entity/Q21450844"
"Shevchenko","https://www.wikidata.org/entity/Q3019250"
"Shevchuk","https://www.wikidata.org/entity/Q21452250"
"Shevelev","https://www.wikidata.org/entity/Q138916393"
"Sheyko","https://www.wikidata.org/entity/Q14856656"
"Shigehara","https://www.wikidata.org/entity/Q113188912"
"Shimko","https://www.wikidata.org/entity/Q12807168"
"Shin","https://www.wikidata.org/entity/Q16256644"
"Shirazi","https://www.wikidata.org/entity/Q37503643"
"Shirley","https://www.wikidata.org/entity/Q19768198"
"Shirokov","https://www.wikidata.org/entity/Q21507614"
"Shishkin","https://www.wikidata.org/entity/Q49556196"
"Shkolnikov","https://www.wikidata.org/entity/Q4525274"
"Shmelyov","https://www.wikidata.org/entity/Q50309149"
"Shōno","https://www.wikidata.org/entity/Q27238028"
"Shorthill","https://www.wikidata.org/entity/Q116177319"
"Shubin","https://www.wikidata.org/entity/Q21450387"
"Shulman","https://www.wikidata.org/entity/Q2251389"
"Shumkov","https://www.wikidata.org/entity/Q4527789"
"Shurygin","https://www.wikidata.org/entity/Q125395002"
"Shutov","https://www.wikidata.org/entity/Q56540753"
"Siankievič","https://www.wikidata.org/entity/Q98086183"
"Sidorenko","https://www.wikidata.org/entity/Q21507474"
"Silvestri","https://www.wikidata.org/entity/Q21450862"
"Simons","https://www.wikidata.org/entity/Q18327304"
"Simpson","https://www.wikidata.org/entity/Q2800825"
"Singh","https://www.wikidata.org/entity/Q2289233"
"Sirota","https://www.wikidata.org/entity/Q56243847"
"Skjelborg","https://www.wikidata.org/entity/Q41598655"
"Skwarczyński","https://www.wikidata.org/entity/Q28049790"
"Slade","https://www.wikidata.org/entity/Q16883427"
"Smailys","https://www.wikidata.org/entity/Q131466306"
"Smalley","https://www.wikidata.org/entity/Q16883458"
"Smil","https://www.wikidata.org/entity/Q111774625"
"Smilansky","https://www.wikidata.org/entity/Q64853712"
"Smirnov","https://www.wikidata.org/entity/Q3487013"
"Smirnova","https://www.wikidata.org/entity/Q21494006"
"Smith","https://www.wikidata.org/entity/Q1158446"
"Smolin","https://www.wikidata.org/entity/Q53130029"
"Smolski","https://www.wikidata.org/entity/Q112704427"
"Snodgrass","https://www.wikidata.org/entity/Q21506588"
"Snouck","https://www.wikidata.org/entity/Q138341246"
"Snyder","https://www.wikidata.org/entity/Q16883494"
"Snyderman","https://www.wikidata.org/entity/Q36950446"
"Sobczyk","https://www.wikidata.org/entity/Q27824012"
"Sobolev","https://www.wikidata.org/entity/Q21481547"
"Sobolevsky","https://www.wikidata.org/entity/Q131743009"
"Sokolov","https://www.wikidata.org/entity/Q12803129"
"Sokolova","https://www.wikidata.org/entity/Q23656086"
"Sokolsky","https://www.wikidata.org/entity/Q30308995"
"Solntsev","https://www.wikidata.org/entity/Q21511869"
"Solomin","https://www.wikidata.org/entity/Q31034678"
"Solovyov","https://www.wikidata.org/entity/Q1299832"
"Somerville","https://www.wikidata.org/entity/Q16883559"
"Song","https://www.wikidata.org/entity/Q717770"
"Sonnenfeld","https://www.wikidata.org/entity/Q56244895"
"Søreng","https://www.wikidata.org/entity/Q27889361"
"Sorkin","https://www.wikidata.org/entity/Q12803160"
"Sorokin","https://www.wikidata.org/entity/Q49772420"
"Sosna","https://www.wikidata.org/entity/Q37126155"
"Sosnovski","https://www.wikidata.org/entity/Q135719872"
"Sosnowski","https://www.wikidata.org/entity/Q21500395"
"Sosunov","https://www.wikidata.org/entity/Q131432086"
"Southwood","https://www.wikidata.org/entity/Q37511988"
"Sovetov","https://www.wikidata.org/entity/Q136749178"
"Sözen","https://www.wikidata.org/entity/Q2380074"
"Sozina","https://www.wikidata.org/entity/Q136770029"
"Spalding","https://www.wikidata.org/entity/Q16883643"
"Sparks","https://www.wikidata.org/entity/Q16883647"
"Speiser","https://www.wikidata.org/entity/Q20997953"
"Spence","https://www.wikidata.org/entity/Q16883671"
"Speransky","https://www.wikidata.org/entity/Q1268057"
"Spescha","https://www.wikidata.org/entity/Q76411265"
"Speshnev","https://www.wikidata.org/entity/Q4431144"
"Spickermann","https://www.wikidata.org/entity/Q111774937"
"Spiegelhalter","https://www.wikidata.org/entity/Q36950289"
"Sponzilli","https://www.wikidata.org/entity/Q100275576"
"Sporn","https://www.wikidata.org/entity/Q29048792"
"Sprat","https://www.wikidata.org/entity/Q99911805"
"Srećković","https://www.wikidata.org/entity/Q24685796"
"Stadler","https://www.wikidata.org/entity/Q2326235"
"Stafford","https://www.wikidata.org/entity/Q28654382"
"Stala","https://www.wikidata.org/entity/Q37534921"
"Stallybrass","https://www.wikidata.org/entity/Q22349290"
"Standish","https://www.wikidata.org/entity/Q16883763"
"Stankievič","https://www.wikidata.org/entity/Q12673694"
"Stark","https://www.wikidata.org/entity/Q2801750"
"Starovoitov","https://www.wikidata.org/entity/Q111423421"
"Starzyńska","https://www.wikidata.org/entity/Q112590308"
"Stavitsky","https://www.wikidata.org/entity/Q136484607"
"Steele","https://www.wikidata.org/entity/Q21484688"
"Steiger","https://www.wikidata.org/entity/Q15849049"
"Stein","https://www.wikidata.org/entity/Q2339506"
"Steinberg","https://www.wikidata.org/entity/Q1570233"
"Steindorff","https://www.wikidata.org/entity/Q102182572"
"Steinthal","https://www.wikidata.org/entity/Q61693275"
"Steltzner","https://www.wikidata.org/entity/Q47044288"
"Stepanov","https://www.wikidata.org/entity/Q12803526"
"Stern","https://www.wikidata.org/entity/Q4442389"
"Stevens","https://www.wikidata.org/entity/Q1797561"
"Stewart","https://www.wikidata.org/entity/Q2801971"
"Stimpson","https://www.wikidata.org/entity/Q28912541"
"Stocker","https://www.wikidata.org/entity/Q21492431"
"Stolbov","https://www.wikidata.org/entity/Q4442832"
"Stoltenberg","https://www.wikidata.org/entity/Q21449571"
"Stone","https://www.wikidata.org/entity/Q12803555"
"Stonehouse","https://www.wikidata.org/entity/Q16879732"
"Stopes","https://www.wikidata.org/entity/Q95260553"
"Storey","https://www.wikidata.org/entity/Q16883885"
"Stoyanov","https://www.wikidata.org/entity/Q29962134"
"Strange","https://www.wikidata.org/entity/Q16883902"
"Stranz","https://www.wikidata.org/entity/Q37553253"
"Strauss","https://www.wikidata.org/entity/Q10450274"
"Strebkov","https://www.wikidata.org/entity/Q24955763"
"Streltsov","https://www.wikidata.org/entity/Q12803591"
"Strinnholm","https://www.wikidata.org/entity/Q47001792"
"Stroganov","https://www.wikidata.org/entity/Q61764308"
"Struchkov","https://www.wikidata.org/entity/Q105153654"
"Strzelecki","https://www.wikidata.org/entity/Q27870141"
"Stulli","https://www.wikidata.org/entity/Q133885201"
"Su","https://www.wikidata.org/entity/Q450129"
"Subbotin","https://www.wikidata.org/entity/Q118209794"
"Subedi","https://www.wikidata.org/entity/Q13187155"
"Suchkov","https://www.wikidata.org/entity/Q56540952"
"Sugi","https://www.wikidata.org/entity/Q30001546"
"Sugimoto","https://www.wikidata.org/entity/Q24090451"
"Sugita","https://www.wikidata.org/entity/Q26157610"
"Sugiura","https://www.wikidata.org/entity/Q21475324"
"Sugiyama","https://www.wikidata.org/entity/Q24090433"
"Suk","https://www.wikidata.org/entity/Q20998030"
"Sukharev","https://www.wikidata.org/entity/Q28381943"
"Sukhov","https://www.wikidata.org/entity/Q4447105"
"Šuković","https://www.wikidata.org/entity/Q137948117"
"Sullivan","https://www.wikidata.org/entity/Q2364643"
"Sultanov","https://www.wikidata.org/entity/Q21475326"
"Sulzmann","https://www.wikidata.org/entity/Q37438887"
"Summers","https://www.wikidata.org/entity/Q16036681"
"Sun","https://www.wikidata.org/entity/Q3543591"
"Süring","https://www.wikidata.org/entity/Q140370107"
"Suski","https://www.wikidata.org/entity/Q27877572"
"Susskind","https://www.wikidata.org/entity/Q21491633"
"Suvorov","https://www.wikidata.org/entity/Q21487128"
"Suzuki","https://www.wikidata.org/entity/Q1533615"
"Swedenborg","https://www.wikidata.org/entity/Q74586895"
"Sweeney","https://www.wikidata.org/entity/Q27229604"
"Swerling","https://www.wikidata.org/entity/Q21512584"
"Świętosławski","https://www.wikidata.org/entity/Q28050972"
"Sychow","https://www.wikidata.org/entity/Q115052148"
"Sydykov","https://www.wikidata.org/entity/Q24957973"
"Sylow","https://www.wikidata.org/entity/Q42096107"
"Szepielewicz","https://www.wikidata.org/entity/Q124215267"
"Szerszeń","https://www.wikidata.org/entity/Q112224487"
"Szilárd","https://www.wikidata.org/entity/Q21491557"
"Szymański","https://www.wikidata.org/entity/Q646155"
"Tabacco","https://www.wikidata.org/entity/Q7672854"
"Tabakov","https://www.wikidata.org/entity/Q4449186"
"Tachibana","https://www.wikidata.org/entity/Q16884158"
"Taivalsaari","https://www.wikidata.org/entity/Q42294089"
"Takayama","https://www.wikidata.org/entity/Q16884194"
"Takeda","https://www.wikidata.org/entity/Q1981031"
"Takefuji","https://www.wikidata.org/entity/Q27243235"
"Talanov","https://www.wikidata.org/entity/Q4450328"
"Talishinski","https://www.wikidata.org/entity/Q12846380"
"Tamm","https://www.wikidata.org/entity/Q12376287"
"Tank","https://www.wikidata.org/entity/Q30086935"
"Taranov","https://www.wikidata.org/entity/Q20520457"
"Tarasov","https://www.wikidata.org/entity/Q21450334"
"Tarazevich","https://www.wikidata.org/entity/Q29018741"
"Tardieu","https://www.wikidata.org/entity/Q26986282"
"Tarnowski","https://www.wikidata.org/entity/Q16884307"
"Tatarinov","https://www.wikidata.org/entity/Q12803922"
"Taylor","https://www.wikidata.org/entity/Q15080511"
"Tchaikovsky","https://www.wikidata.org/entity/Q1634319"
"Teissier","https://www.wikidata.org/entity/Q23769574"
"Tembrock","https://www.wikidata.org/entity/Q127265145"
"Temkin","https://www.wikidata.org/entity/Q4468051"
"Temushev","https://www.wikidata.org/entity/Q131717184"
"Termer","https://www.wikidata.org/entity/Q62828670"
"Teschler-Nicola","https://www.wikidata.org/entity/Q116984224"
"Tetelbaum","https://www.wikidata.org/entity/Q47454350"
"Thaler","https://www.wikidata.org/entity/Q16884432"
"Thiele","https://www.wikidata.org/entity/Q21493150"
"Thiry","https://www.wikidata.org/entity/Q21508872"
"Thomas","https://www.wikidata.org/entity/Q1413324"
"Tian","https://www.wikidata.org/entity/Q15436271"
"Tiemann","https://www.wikidata.org/entity/Q21450361"
"Tiengo","https://www.wikidata.org/entity/Q55087981"
"Tietjen","https://www.wikidata.org/entity/Q21506908"
"Tigerstedt","https://www.wikidata.org/entity/Q31202248"
"Tikhomirov","https://www.wikidata.org/entity/Q16884698"
"Tikhonov","https://www.wikidata.org/entity/Q21513120"
"Tikhonravov","https://www.wikidata.org/entity/Q133262185"
"Tilden","https://www.wikidata.org/entity/Q7802093"
"Timofeyev","https://www.wikidata.org/entity/Q21450740"
"Tin","https://www.wikidata.org/entity/Q37526559"
"Tinbergen","https://www.wikidata.org/entity/Q21504903"
"Tipper","https://www.wikidata.org/entity/Q36880633"
"Tiryaki","https://www.wikidata.org/entity/Q7809482"
"Titarenko","https://www.wikidata.org/entity/Q46998891"
"Titov","https://www.wikidata.org/entity/Q21492407"
"Tocinovski","https://www.wikidata.org/entity/Q81421826"
"Tokarev","https://www.wikidata.org/entity/Q20755488"
"Tokuda","https://www.wikidata.org/entity/Q26203595"
"Tolmachyov","https://www.wikidata.org/entity/Q56541087"
"Tolstopyatov","https://www.wikidata.org/entity/Q16706738"
"Tolstoy","https://www.wikidata.org/entity/Q29534678"
"Tōma","https://www.wikidata.org/entity/Q97392504"
"Tomatis","https://www.wikidata.org/entity/Q99981958"
"Tomilin","https://www.wikidata.org/entity/Q20520537"
"Tomporek","https://www.wikidata.org/entity/Q111677884"
"Tondi","https://www.wikidata.org/entity/Q37030498"
"Tonegawa","https://www.wikidata.org/entity/Q27242719"
"Tong","https://www.wikidata.org/entity/Q30128396"
"Topi","https://www.wikidata.org/entity/Q37518572"
"Tornielli","https://www.wikidata.org/entity/Q97738513"
"Torshin","https://www.wikidata.org/entity/Q4461399"
"Toubert","https://www.wikidata.org/entity/Q65114261"
"Tough","https://www.wikidata.org/entity/Q37515395"
"Townsend","https://www.wikidata.org/entity/Q7830161"
"Träbert","https://www.wikidata.org/entity/Q122615569"
"Trapeznikov","https://www.wikidata.org/entity/Q4462183"
"Tratnik","https://www.wikidata.org/entity/Q12804365"
"Traugott","https://www.wikidata.org/entity/Q37462383"
"Tréfouel","https://www.wikidata.org/entity/Q98207089"
"Trellenkamp","https://www.wikidata.org/entity/Q118109638"
"Trenberth","https://www.wikidata.org/entity/Q134594882"
"Tretyakov","https://www.wikidata.org/entity/Q12804384"
"Triana","https://www.wikidata.org/entity/Q36929475"
"Trofimov","https://www.wikidata.org/entity/Q12804449"
"Trolle","https://www.wikidata.org/entity/Q42748130"
"Trubnikov","https://www.wikidata.org/entity/Q131759326"
"Tsarev","https://www.wikidata.org/entity/Q21508834"
"Tsarevsky","https://www.wikidata.org/entity/Q4503163"
"Tsfasman","https://www.wikidata.org/entity/Q136223155"
"Tsitsishvili","https://www.wikidata.org/entity/Q134839205"
"Tsuge","https://www.wikidata.org/entity/Q26448760"
"Tsukkerman","https://www.wikidata.org/entity/Q136698610"
"Tsvetayev","https://www.wikidata.org/entity/Q20518557"
"Tsyganov","https://www.wikidata.org/entity/Q12786994"
"Tuccimei","https://www.wikidata.org/entity/Q119265317"
"Tuchkov","https://www.wikidata.org/entity/Q4466732"
"Tucker","https://www.wikidata.org/entity/Q13418278"
"Tumanov","https://www.wikidata.org/entity/Q56541144"
"Tumanyan","https://www.wikidata.org/entity/Q21448883"
"Tupikov","https://www.wikidata.org/entity/Q56541145"
"Turner","https://www.wikidata.org/entity/Q12804512"
"Tymchenko","https://www.wikidata.org/entity/Q115263622"
"Uçi","https://www.wikidata.org/entity/Q122215091"
"Udalov","https://www.wikidata.org/entity/Q105414246"
"Udodov","https://www.wikidata.org/entity/Q56541160"
"Uexküll","https://www.wikidata.org/entity/Q21482956"
"Ufford","https://www.wikidata.org/entity/Q37194878"
"Uhlmann","https://www.wikidata.org/entity/Q56246110"
"Ulam","https://www.wikidata.org/entity/Q37128217"
"Ulm","https://www.wikidata.org/entity/Q29533743"
"Ulmer","https://www.wikidata.org/entity/Q15730695"
"Underwood","https://www.wikidata.org/entity/Q13583115"
"Uraksin","https://www.wikidata.org/entity/Q24955687"
"Ushakov","https://www.wikidata.org/entity/Q41673083"
"Usov","https://www.wikidata.org/entity/Q106225086"
"Uspensky","https://www.wikidata.org/entity/Q18398079"
"Utin","https://www.wikidata.org/entity/Q121366863"
"Utkin","https://www.wikidata.org/entity/Q21489041"
"Uvarov","https://www.wikidata.org/entity/Q21493250"
"Vadetskaya","https://www.wikidata.org/entity/Q135718172"
"Vakhrushev","https://www.wikidata.org/entity/Q20518788"
"Vakilov","https://www.wikidata.org/entity/Q19715985"
"Valiyev","https://www.wikidata.org/entity/Q108916434"
"Valiyev","https://www.wikidata.org/entity/Q12847389"
"Valland","https://www.wikidata.org/entity/Q40099680"
"Valli","https://www.wikidata.org/entity/Q27941310"
"Valpey","https://www.wikidata.org/entity/Q7912584"
"Van Camp","https://www.wikidata.org/entity/Q56546860"
"van Huis","https://www.wikidata.org/entity/Q76992780"
"Vandam","https://www.wikidata.org/entity/Q36872047"
"Vanderbilt","https://www.wikidata.org/entity/Q17144145"
"Vandermonde","https://www.wikidata.org/entity/Q105818088"
"Varignon","https://www.wikidata.org/entity/Q54923810"
"Varona","https://www.wikidata.org/entity/Q7916071"
"Varshavsky","https://www.wikidata.org/entity/Q55644584"
"Vartanov","https://www.wikidata.org/entity/Q134651922"
"Vasilchenko","https://www.wikidata.org/entity/Q12805288"
"Vasilchikov","https://www.wikidata.org/entity/Q131085338"
"Vasilyev","https://www.wikidata.org/entity/Q21488929"
"Vasilyeva","https://www.wikidata.org/entity/Q7916816"
"Vasyliuk","https://www.wikidata.org/entity/Q112594733"
"Vavilov","https://www.wikidata.org/entity/Q21507617"
"Vaytsyakhovich","https://www.wikidata.org/entity/Q26760330"
"Vazquez","https://www.wikidata.org/entity/Q28800796"
"Vella","https://www.wikidata.org/entity/Q16939202"
"Velyaminov","https://www.wikidata.org/entity/Q7919436"
"Venkov","https://www.wikidata.org/entity/Q21494493"
"Vernooy","https://www.wikidata.org/entity/Q37202750"
"Victory","https://www.wikidata.org/entity/Q16889195"
"Vilbaste","https://www.wikidata.org/entity/Q45147633"
"Villavicencio","https://www.wikidata.org/entity/Q36975065"
"Vinaccesi","https://www.wikidata.org/entity/Q100275903"
"Vischer","https://www.wikidata.org/entity/Q428826"
"Visconti","https://www.wikidata.org/entity/Q21487897"
"Vitkoŭski","https://www.wikidata.org/entity/Q135091680"
"Vogel","https://www.wikidata.org/entity/Q1715412"
"Vogler","https://www.wikidata.org/entity/Q1126218"
"Vohidov","https://www.wikidata.org/entity/Q7939432"
"Volkov","https://www.wikidata.org/entity/Q2592583"
"von Falkenhausen","https://www.wikidata.org/entity/Q115931493"
"von Frisch","https://www.wikidata.org/entity/Q83384072"
"von Guericke","https://www.wikidata.org/entity/Q116602963"
"von Helmholtz","https://www.wikidata.org/entity/Q121467386"
"von Holst","https://www.wikidata.org/entity/Q55217621"
"von Humboldt","https://www.wikidata.org/entity/Q42865389"
"Von Kármán","https://www.wikidata.org/entity/Q17403104"
"von Seidel","https://www.wikidata.org/entity/Q18368860"
"Vorderman","https://www.wikidata.org/entity/Q16804691"
"Vorontsov","https://www.wikidata.org/entity/Q21449568"
"Wachter","https://www.wikidata.org/entity/Q580999"
"Wacquant","https://www.wikidata.org/entity/Q96632786"
"Wæver","https://www.wikidata.org/entity/Q32800202"
"Wagener","https://www.wikidata.org/entity/Q25114446"
"Wagenmann","https://www.wikidata.org/entity/Q36975129"
"Wainberg","https://www.wikidata.org/entity/Q29390835"
"Waldman","https://www.wikidata.org/entity/Q1437846"
"Walewska","https://www.wikidata.org/entity/Q76009913"
"Wallace","https://www.wikidata.org/entity/Q5261248"
"Walliser","https://www.wikidata.org/entity/Q16977597"
"Walter","https://www.wikidata.org/entity/Q18272482"
"Waltuch","https://www.wikidata.org/entity/Q106332788"
"Wang","https://www.wikidata.org/entity/Q10826587"
"Wang","https://www.wikidata.org/entity/Q804943"
"Waring","https://www.wikidata.org/entity/Q26912328"
"Washington","https://www.wikidata.org/entity/Q2550388"
"Watson","https://www.wikidata.org/entity/Q1184721"
"Wayne","https://www.wikidata.org/entity/Q1295024"
"Ważny","https://www.wikidata.org/entity/Q64781458"
"Wdowiarz","https://www.wikidata.org/entity/Q118080546"
"Weatherby","https://www.wikidata.org/entity/Q37544743"
"Webb","https://www.wikidata.org/entity/Q2553367"
"Weber","https://www.wikidata.org/entity/Q1409226"
"Weeden","https://www.wikidata.org/entity/Q36954930"
"Wei","https://www.wikidata.org/entity/Q842157"
"Weigel","https://www.wikidata.org/entity/Q21492815"
"Weiss","https://www.wikidata.org/entity/Q145210"
"Weiszmann","https://www.wikidata.org/entity/Q106456748"
"Wells","https://www.wikidata.org/entity/Q13583397"
"Weltz","https://www.wikidata.org/entity/Q2558751"
"Wen","https://www.wikidata.org/entity/Q12010490"
"Wen","https://www.wikidata.org/entity/Q12010491"
"Wenke","https://www.wikidata.org/entity/Q16868029"
"Wereszycka","https://www.wikidata.org/entity/Q111697709"
"Werner","https://www.wikidata.org/entity/Q18012370"
"Weston","https://www.wikidata.org/entity/Q14966209"
"Westphalen","https://www.wikidata.org/entity/Q36966422"
"Wetherell","https://www.wikidata.org/entity/Q7990096"
"Wharton","https://www.wikidata.org/entity/Q29546682"
"Wheler","https://www.wikidata.org/entity/Q16908792"
"White","https://www.wikidata.org/entity/Q1215200"
"Widnall","https://www.wikidata.org/entity/Q7998752"
"Więckowski","https://www.wikidata.org/entity/Q27876380"
"Wiegand","https://www.wikidata.org/entity/Q21484517"
"Wien","https://www.wikidata.org/entity/Q23638229"
"Wiese","https://www.wikidata.org/entity/Q2569343"
"Wiesner","https://www.wikidata.org/entity/Q2569696"
"Wilbrandt","https://www.wikidata.org/entity/Q99912435"
"Wild","https://www.wikidata.org/entity/Q2570283"
"Wilkins","https://www.wikidata.org/entity/Q10856697"
"Williams","https://www.wikidata.org/entity/Q1688722"
"Winegard","https://www.wikidata.org/entity/Q37105556"
"Winkler","https://www.wikidata.org/entity/Q6840960"
"Winograd","https://www.wikidata.org/entity/Q21504688"
"Winston","https://www.wikidata.org/entity/Q16282643"
"Winter","https://www.wikidata.org/entity/Q1485942"
"Witte","https://www.wikidata.org/entity/Q1786621"
"Wolfe","https://www.wikidata.org/entity/Q16090622"
"Wollenschläger","https://www.wikidata.org/entity/Q83383320"
"Woltman","https://www.wikidata.org/entity/Q37492641"
"Wood","https://www.wikidata.org/entity/Q1158452"
"Woodward","https://www.wikidata.org/entity/Q20727244"
"Worthington","https://www.wikidata.org/entity/Q17119399"
"Wright","https://www.wikidata.org/entity/Q2594455"
"Wu","https://www.wikidata.org/entity/Q845163"
"Wucherer","https://www.wikidata.org/entity/Q36884103"
"Wyatt","https://www.wikidata.org/entity/Q21500882"
"Xavier","https://www.wikidata.org/entity/Q13400769"
"Xetægkatæ","https://www.wikidata.org/entity/Q134304302"
"Xu","https://www.wikidata.org/entity/Q9757446"
"Xue","https://www.wikidata.org/entity/Q8045218"
"Yagya","https://www.wikidata.org/entity/Q141476111"
"Yakimov","https://www.wikidata.org/entity/Q4536655"
"Yakimovich","https://www.wikidata.org/entity/Q4536662"
"Yakovenko","https://www.wikidata.org/entity/Q424982"
"Yakovlev","https://www.wikidata.org/entity/Q21450308"
"Yakovleva","https://www.wikidata.org/entity/Q56485254"
"Yakunin","https://www.wikidata.org/entity/Q28753056"
"Yamada","https://www.wikidata.org/entity/Q17058704"
"Yamagata","https://www.wikidata.org/entity/Q64785810"
"Yamaguchi","https://www.wikidata.org/entity/Q17041572"
"Yamamoto","https://www.wikidata.org/entity/Q24090378"
"Yamane","https://www.wikidata.org/entity/Q24091154"
"Yamashita","https://www.wikidata.org/entity/Q24090383"
"Yamauchi","https://www.wikidata.org/entity/Q24090463"
"Yamazaki","https://www.wikidata.org/entity/Q24090381"
"Yanabu","https://www.wikidata.org/entity/Q131319694"
"Yang","https://www.wikidata.org/entity/Q845069"
"Yaşargil","https://www.wikidata.org/entity/Q76375819"
"Yashiro","https://www.wikidata.org/entity/Q141445789"
"Yastrebov","https://www.wikidata.org/entity/Q4539501"
"Yasunari","https://www.wikidata.org/entity/Q39240366"
"Yazykov","https://www.wikidata.org/entity/Q21509294"
"Yegorov","https://www.wikidata.org/entity/Q12792328"
"Yehorov","https://www.wikidata.org/entity/Q109614197"
"Yemelianenko","https://www.wikidata.org/entity/Q109629638"
"Yemelyanenko","https://www.wikidata.org/entity/Q21511083"
"Yemelyanov","https://www.wikidata.org/entity/Q21491554"
"Yermakov","https://www.wikidata.org/entity/Q21509408"
"Yerofeyev","https://www.wikidata.org/entity/Q1687718"
"Yershov","https://www.wikidata.org/entity/Q21501828"
"Yevdokimov","https://www.wikidata.org/entity/Q21491114"
"Yevseyev","https://www.wikidata.org/entity/Q41695446"
"Ylppö","https://www.wikidata.org/entity/Q21450245"
"Yonath","https://www.wikidata.org/entity/Q131931040"
"Yong","https://www.wikidata.org/entity/Q20021678"
"Yong","https://www.wikidata.org/entity/Q48093986"
"Yoshimura","https://www.wikidata.org/entity/Q24090475"
"Young","https://www.wikidata.org/entity/Q12678727"
"Yushchenko","https://www.wikidata.org/entity/Q12173203"
"Yusupov","https://www.wikidata.org/entity/Q41695310"
"Zachariewicz","https://www.wikidata.org/entity/Q111512337"
"Zago","https://www.wikidata.org/entity/Q37253153"
"Zagorski","https://www.wikidata.org/entity/Q21487211"
"Zahradník","https://www.wikidata.org/entity/Q56887206"
"Zakharchenko","https://www.wikidata.org/entity/Q21452704"
"Zakharov","https://www.wikidata.org/entity/Q4188781"
"Zamboni","https://www.wikidata.org/entity/Q16930390"
"Zambuto","https://www.wikidata.org/entity/Q37011570"
"Zamyatin","https://www.wikidata.org/entity/Q4186050"
"Zanella","https://www.wikidata.org/entity/Q18390763"
"Zanettin","https://www.wikidata.org/entity/Q57299363"
"Zanotto","https://www.wikidata.org/entity/Q20998418"
"Zarubin","https://www.wikidata.org/entity/Q21492530"
"Zaslavsky","https://www.wikidata.org/entity/Q18212438"
"Zatko","https://www.wikidata.org/entity/Q20998433"
"Zavarzin","https://www.wikidata.org/entity/Q56541423"
"Zaytsev","https://www.wikidata.org/entity/Q12806435"
"Żebrowski","https://www.wikidata.org/entity/Q21487238"
"Zembaty","https://www.wikidata.org/entity/Q100700145"
"Zeuthen","https://www.wikidata.org/entity/Q48093810"
"Zhai","https://www.wikidata.org/entity/Q15909373"
"Zhao","https://www.wikidata.org/entity/Q804886"
"Zhdanov","https://www.wikidata.org/entity/Q16964363"
"Zheleznov","https://www.wikidata.org/entity/Q4178780"
"Zheng","https://www.wikidata.org/entity/Q6583590"
"Zhou","https://www.wikidata.org/entity/Q845135"
"Zhuk","https://www.wikidata.org/entity/Q25114456"
"Zhukov","https://www.wikidata.org/entity/Q17060691"
"Zhukovsky","https://www.wikidata.org/entity/Q16917770"
"Zhuravlyov","https://www.wikidata.org/entity/Q18391061"
"Ziegler","https://www.wikidata.org/entity/Q198857"
"Ziganshin","https://www.wikidata.org/entity/Q124751497"
"Zilber","https://www.wikidata.org/entity/Q56558161"
"Zimin","https://www.wikidata.org/entity/Q12806684"
"Zimmermann","https://www.wikidata.org/entity/Q5994029"
"Zinovyev","https://www.wikidata.org/entity/Q21492499"
"Zinser","https://www.wikidata.org/entity/Q37012317"
"Zippelius","https://www.wikidata.org/entity/Q56541466"
"Zlotin","https://www.wikidata.org/entity/Q102317166"
"Zobel","https://www.wikidata.org/entity/Q65121381"
"Zöllner","https://www.wikidata.org/entity/Q247781"
"Zolotukhin","https://www.wikidata.org/entity/Q12806762"
"Zon","https://www.wikidata.org/entity/Q37454365"
"Zorin","https://www.wikidata.org/entity/Q1217531"
"Zorkin","https://www.wikidata.org/entity/Q16654465"
"Zou","https://www.wikidata.org/entity/Q4505446"
"Zubov","https://www.wikidata.org/entity/Q21493112"
"Zubrin","https://www.wikidata.org/entity/Q21513194"
"Zuckerkandl","https://www.wikidata.org/entity/Q47543591"
"Zuckerman","https://www.wikidata.org/entity/Q21448089"
"Zunz","https://www.wikidata.org/entity/Q47493352"
"Zvegintzov","https://www.wikidata.org/entity/Q4189334"
